-- phpMyAdmin SQL Dump
-- version 4.9.0.1
-- https://www.phpmyadmin.net/
--
-- Servidor: 127.0.0.1
-- Tiempo de generación: 26-11-2019 a las 14:17:52
-- Versión del servidor: 10.4.6-MariaDB
-- Versión de PHP: 7.3.9

SET SQL_MODE = "NO_AUTO_VALUE_ON_ZERO";
SET AUTOCOMMIT = 0;
START TRANSACTION;
SET time_zone = "+00:00";


/*!40101 SET @OLD_CHARACTER_SET_CLIENT=@@CHARACTER_SET_CLIENT */;
/*!40101 SET @OLD_CHARACTER_SET_RESULTS=@@CHARACTER_SET_RESULTS */;
/*!40101 SET @OLD_COLLATION_CONNECTION=@@COLLATION_CONNECTION */;
/*!40101 SET NAMES utf8mb4 */;

--
-- Base de datos: `neplix`
--

-- --------------------------------------------------------

--
-- Estructura de tabla para la tabla `actor`
--

CREATE TABLE `actor` (
  `id_actor` int(20) NOT NULL,
  `nombre_real` varchar(20) NOT NULL,
  `nombre_pers` varchar(20) NOT NULL
) ENGINE=InnoDB DEFAULT CHARSET=latin1;

--
-- Volcado de datos para la tabla `actor`
--

INSERT INTO `actor` (`id_actor`, `nombre_real`, `nombre_pers`) VALUES
(34, 'agent', 'agente005'),
(45, 'fr', 'frlññ'),
(46, 'lllol', 'lili'),
(47, 'kok', 'kiki');

-- --------------------------------------------------------

--
-- Estructura de tabla para la tabla `calificacion`
--

CREATE TABLE `calificacion` (
  `id_usuario` int(20) NOT NULL,
  `id_serie` int(20) NOT NULL,
  `valor` int(5) NOT NULL
) ENGINE=InnoDB DEFAULT CHARSET=latin1;

-- --------------------------------------------------------

--
-- Estructura de tabla para la tabla `capitulo`
--

CREATE TABLE `capitulo` (
  `id_capitulo` int(20) NOT NULL,
  `titulo` text NOT NULL,
  `sinopsis` text NOT NULL,
  `duracion` int(4) NOT NULL,
  `id_temporada` int(20) NOT NULL,
  `id_sub` int(20) DEFAULT NULL
) ENGINE=InnoDB DEFAULT CHARSET=latin1;

--
-- Volcado de datos para la tabla `capitulo`
--

INSERT INTO `capitulo` (`id_capitulo`, `titulo`, `sinopsis`, `duracion`, `id_temporada`, `id_sub`) VALUES
(53, 'cap 53', 'Cap 53\r\n', 52, 13, 45),
(55, 'Cap1\r\n', 'Cap1', 55, 12, 45),
(96, 'cap 96', 'cap 96', 45, 12, NULL),
(1234, 'cap 1234', 'cap 1234', 123, 12, 45);

-- --------------------------------------------------------

--
-- Estructura de tabla para la tabla `critica`
--

CREATE TABLE `critica` (
  `id_critica` int(5) NOT NULL,
  `comentario` text NOT NULL,
  `fecha` date NOT NULL,
  `id_usuario` int(14) DEFAULT NULL,
  `ids` int(20) DEFAULT NULL
) ENGINE=InnoDB DEFAULT CHARSET=latin1;

--
-- Volcado de datos para la tabla `critica`
--

INSERT INTO `critica` (`id_critica`, `comentario`, `fecha`, `id_usuario`, `ids`) VALUES
(1, 'conwoidncowdcwdcwdnocwd', '2015-09-05', 10100, 78),
(3, 'Hola Critica', '0178-05-05', 10100, 78);

-- --------------------------------------------------------

--
-- Estructura de tabla para la tabla `favorito`
--

CREATE TABLE `favorito` (
  `id_usuario` int(20) NOT NULL,
  `id_serie` int(20) NOT NULL
) ENGINE=InnoDB DEFAULT CHARSET=latin1;

--
-- Volcado de datos para la tabla `favorito`
--

INSERT INTO `favorito` (`id_usuario`, `id_serie`) VALUES
(753, 77),
(10100, 78),
(10100, 77),
(753, 77);

-- --------------------------------------------------------

--
-- Estructura de tabla para la tabla `genero`
--

CREATE TABLE `genero` (
  `id_genero` int(19) NOT NULL,
  `genero` varchar(30) DEFAULT NULL
) ENGINE=InnoDB DEFAULT CHARSET=latin1;

--
-- Volcado de datos para la tabla `genero`
--

INSERT INTO `genero` (`id_genero`, `genero`) VALUES
(1, 'Accion'),
(2, 'Aventura'),
(3, 'Animacion'),
(4, 'Comedia'),
(5, 'Documental'),
(6, 'Drama'),
(7, 'Horror'),
(8, 'Musical'),
(9, 'Romance'),
(10, 'Ciencia ficción');

-- --------------------------------------------------------

--
-- Estructura de tabla para la tabla `personaje`
--

CREATE TABLE `personaje` (
  `id_personaje` int(5) NOT NULL,
  `rol` varchar(50) NOT NULL,
  `id_actor` int(20) DEFAULT NULL,
  `id_capitulo` int(20) DEFAULT NULL
) ENGINE=InnoDB DEFAULT CHARSET=latin1;

--
-- Volcado de datos para la tabla `personaje`
--

INSERT INTO `personaje` (`id_personaje`, `rol`, `id_actor`, `id_capitulo`) VALUES
(23, 'agente005', 34, 96),
(24, 'agente004', 34, 96),
(26, 'agente006', 34, 96),
(27, 'agente007', 34, 96),
(45, 'luis', 45, 55),
(74, 'eset', 45, 96),
(79, 'eset', 45, 55);

-- --------------------------------------------------------

--
-- Estructura de tabla para la tabla `serie`
--

CREATE TABLE `serie` (
  `id_serie` int(5) NOT NULL,
  `titulo` text NOT NULL,
  `anio_inicio` int(4) NOT NULL,
  `sinopsis` text NOT NULL,
  `id_genero` int(20) DEFAULT NULL,
  `imagen` varchar(100) NOT NULL,
  `img` longblob NOT NULL
) ENGINE=InnoDB DEFAULT CHARSET=latin1;

--
-- Volcado de datos para la tabla `serie`
--

INSERT INTO `serie` (`id_serie`, `titulo`, `anio_inicio`, `sinopsis`, `id_genero`, `imagen`, `img`) VALUES
(77, 'Serie 77', 215, 'serie 77', 1, 'D:\\Desktop\\img\\75362259_173931517093383_63122958255652864_n.jpg', '');
INSERT INTO `serie` (`id_serie`, `titulo`, `anio_inicio`, `sinopsis`, `id_genero`, `imagen`, `img`) VALUES
(78, 'Serie 78', 215, 'serie 78', 5, 'D:\\Desktop\\img\\75362259_173931517093383_63122958255652864_n.jpg', 0xffd8ffe2021c4943435f50524f46494c450001010000020c6c636d73021000006d6e74725247422058595a2007dc00010019000300290039616373704150504c0000000000000000000000000000000000000000000000000000f6d6000100000000d32d6c636d7300000000000000000000000000000000000000000000000000000000000000000000000000000000000000000000000a64657363000000fc0000005e637072740000015c0000000b777470740000016800000014626b70740000017c000000147258595a00000190000000146758595a000001a4000000146258595a000001b80000001472545243000001cc0000004067545243000001cc0000004062545243000001cc0000004064657363000000000000000363320000000000000000000000000000000000000000000000000000000000000000000000000000000000000000000000000000000000000000000000000000000000000000000000000000000000000000000074657874000000004642000058595a20000000000000f6d6000100000000d32d58595a20000000000000031600000333000002a458595a200000000000006fa2000038f50000039058595a2000000000000062990000b785000018da58595a2000000000000024a000000f840000b6cf63757276000000000000001a000000cb01c903630592086b0bf6103f15511b3421f1299032183b92460551775ded6b707a0589b19a7cac69bf7dd3c3e930ffffffe000104a46494600010100000100010000ffed003650686f746f73686f7020332e30003842494d04040000000000191c02670014476a496c726f306e4c375866445853727330764100ffdb0043000303030303030404040405050505050707060607070b08090809080b110b0c0b0b0c0b110f120f0e0f120f1b151313151b1f1a191a1f26222226302d303e3e54ffdb0043010303030303030404040405050505050707060607070b08090809080b110b0c0b0b0c0b110f120f0e0f120f1b151313151b1f1a191a1f26222226302d303e3e54ffc20011080305022803012200021101031101ffc4001d000100020203010100000000000000000000060702050104080309ffc4001801010101010100000000000000000000000002030104ffda000c03010002100310000001f54800000000000000000000000000000000000000000018663000000006600000000000000000000000000000000000000000006198c0e0e79e00e4e01980000000000000000000000000000000000c330000000000030066303330066c0660000000000000000000000000000000000000000000000000c198c198000000000000000000000000000000000000000000000000000000000000000000007c4fb2b6b0cfb3019b1f99f66a35c4a188c8000061c990000000000000000000000000000000000001a136955fca3d2d948e89be65ce9ec1edd2175e4b39a6e1aaec9f3b66a2b6cc800003033619801866000018e400000000000000000000000000634f5a902308b6e2dc9569597a63cc258ba9d67731aef4efa5b0d276d5559b07a49e638e54007ccfa6300861796341fc65e8379da5d4b79acd819800000000000000000000000000000000876cf412c2b9b52b3b30e3ccbe86f3e66dacde2d2ccae4df7d342358f9dc9d5dce800c428fbb3c9b2b736d45f7f1abf7ef49cdcdfc3243dc550f6ffd6a4a9f58650b9a6d2000000000000000000000000000000057f2f88cb4835975a596757cbbeaac65e77c7e3721a0b2f2ca8063d0aee030906abeba4cb499d2f2fee919ddd89219543d3bbbe74f3afc3d2bd55527b8fb41a66c4f4346647eacf3000000000000000000000000000000041247d6e91a3b2abbb106390a427520d89f43e66146f56cb943b4b3d8a79768cfd31eccd69e611e982b73bed77774c7b3ddc7b773d6cbe9dab9f947661c1535b703eb7563b1cac000000000000000000000000000001d285cf6be30b22adb48029f9dc93838a5ae0a05cb5bb3ddeb637ab804b2258e9a0d974b6535f29e41658995ba3f4d276fb1d76db49ecf3f3cb49ebfd32e91f0a9aded1635f69679c3d1fb48500000000000000000000000000000c6bab16bf3a168d63670044e490497154cb2b5baf37df5fdbf8cdc235735886370097c514dd4aa23b49581f6abb6da4ce763aadb54edb2d2674dd75be7f04f5ba9aef863a563e83aa7bdb676d8d000000000000000000000000000002b5b2a02742cdaaad50003cf36c5436463522e3afd2cdb5a6b61baaaac2d1b65ae71bd4cf5d6875732714a47bd15d2ea1bbca36659a6fa7ca399e9b4c74bd39ad9695c6d8fa0733600000000000000603300000000000002bab16ba34f6ed4f6b4b21487c8fb391e6a9bc4be7e7ab1f4fa485cd59173ebf65e8cc28001839c4d779bbd3fa8cd52a19f7c6b67aee96a674dc4a698b876cfd14369000000000031e019e033603300000000000002b9b1a0475a7513dd4b7c28052704f4bf8ff1a9a7c7a1279af4464c7d19e4c393200d31a6f30e57de35f2b3e17bb4f1e54f5dd5b35e75cb47b19abc23d00dae99fb2bb3f1fb6c000000006067800000198000000000000113966b88ff004be1a72dd0018f9c3d23d43c872d83e931d3dd5a1dae8af3f225b3b0d043d2df4adac7d1956766694a3faff6d44a7d1f9cf489fc2fedf4cebcb372ee2b4a4f6c3ab7d01a4f685000000000060678071c81c8c80c33030336000cf006786600301a2dee0541a4e9c8b35d3ce19e8000d3787bd255d4d76e6b41cbf35fd5cddf10d26b1b96b7dd4acd8beeba446e47a082972f9efe1694b65d8d855b34eee96c9d11db8f1cb490000000003000007039066003066306789c00000001c73c157f5bbdd095b99619d003111cf3c7aaf89791b59e84ae251d98772ce554f3c9b55499b48696b80d9752a89e5241ab42b37d606f40dbef91600000000018031327039e32c4c330e5c0fa0000186630001c720380030159ee347604be5b9af25dd6da17aa80713952f6d9aaedc9f023dddd0f98e6bda108d75bf53d6eef9bb8a5eff7f3efca5ea985f96365352db3aa5d254dc77378fec3a9f480500000600000700c0e78073c004e6c47d8280000c198c003839e1a237b854f816dc5e19ba94024f636b3355bbbb13a535a6ece3dde5798fbb954bd58d37f3bfb46a7cb5abf66f8aa6ac293d4d3fdb143bbb3767f293561a324f0d9ce88f977b5b1e9ab365d51d91a3d579e837ad3261986000000e39f9e673c300039e12071c872e07dc28000001f3d079fcb834532924aaadc58791d0fa76faa71a9d86bf3afbf5361d14f7755842152a91d51bc4e8b472af9688e5bd5ef6652f8dc466ba2b9a2e735da767bed3ee673d7fc7ed252bede472534d54fe9dee4bbddfd977d32af56789edcadbd06e0ae5c721c0e5c01819b0247238e780e39000a04bee14000000d4ed8573f0b34566b30565f1b4c539d8b6782a5837a4e9f34d79d4b68cbbce548046ee4f28963c32acd8e736246767586939e8fa581705771cebcbd0559c6fb699cea74bd43bdf5e8c3aaa472faeac299956be3bb557b8798d492b4fa300723839a7012072e120a048039c803e814000000000000061475e1579a5b9eb1b4ccb00c3c73eb1f04a6c98a4c3ad39fc21563d56ad0d8710ef9afbab47174f4ad1edd4e6b6ceeed38746f185c41d95d95f4b8aafc85d9eb75f39b3fd29e3895e8f5c3e5f4aae58e472e390066e66b873c98e198c33001c872e066000000000000f8d445c6ac3bc7ce575bcf6519b2e033ba01878c3da7d03c239d99139ce2da9b02cb57973b7d9d5a761adfb775cf8e4f923abbcea765a777eda5ccbf7d1fe26f7155782b9b22ae9999472393d72ebb6fcc7b4abf426d3cf93b2c9e6b6e4b2959744b71f2ec2b0cc31643e7ce6306630663066000000000000286b07b9544af3f8eab693550433d491da9a6ec8afb764bfefe78c0f48f5bcfdd02fbac62dbf36b1393c01ca9f1b67b08a970b421e47777dbb5a55275f69b3557fd9b37694acbd5be54f69d2b5a4fd9b4d156c5ee8d74a53d6eb5f9354c4c3ed1f2e2fa687e54dfd55aaf9164cab1ca8000000000000000000000f9fd079e7732ee962fb767a91794dba55447b45a9f7f3d77137bf4e8bda2bd07f1a23ea4bab2df44d3b9dc577b7a9d36cfa528cdadd3fdf6f4f9f52591e35363e9b60ad6ebec7a2a9ea1d4cee578e9e54957a1f426deb4d1ecaa745ddebdfaa82426f8afea66fb3c9a0000000000000000000000003e751dbf5e426aee64477e7b9d1f5e6cb17a33895536a7ca4b487f5bbbac4d591b90c453c74ba9bf94deb9ecc80ddd73daee1d692c2a7854b72d41399a926a3b9ddd25eb1fcf1f74b4970a7c6233411892e434f17ca526d40000000000000000000000000aeec4accb2b2c039e050f60416cc94465315df914a464ba04eafafadd6cce3b2fa4b950adff00c7ba9d06efe1a44e7bfdf6855f6d5fc7684ef578eca95fd8dd2abd5ef3ed43664a0a01545ad525b8000000000000000000000000300ceb2b2a004f9f1cd39e052899f6d7af9d6cb5bbcf1554fcfbff005db4cc23bf01954b65f2ea6c26a4706b221753a9fa49f37233f5c76736d54ba1949bf7f552134913b3e2c4cfd2be0af6213b7cf9d2b3c398411cb720f3800000000000000000000000c00e1819c5251d54eb37b5e586052aab27b794a9aaebd47e4f77e35fef76731524f7abb7cea675d65b0a9c6655ded0d2ebf71a195990dfbf629b689c9a2aa974c615b44e5baeec20d17a4299f44aa6ff004f8f5aebe74aedbb50b77e98f1a33619800000000000000000186603033c78e0e78c09cf1e14a9acaad6658d4a38d76c3474761c7caa7eb86bf6935e72aa7db1f63c63abb7eaa9992767538a752b72ae94b2b6dbec6917b1f1d22b285c82bf9a9e7d6056b9d68d5913e955d704aba1494d65d5871f6f4975bb5a33603e8e3933603361998330603361c993019b019800000018e5803800c02429d2a2bd07a9946b754f7c31ab63b5e7a9b52e28eef282a7a4f2a6bb32b669ced41a9584526714a9ddf464a975351d6e9bbf3d05dbdb2969747e499f7bd3a824dfa9c7c22bf086dac0a62754d17a4e2f33da4e54039cb019f3f3ce6b9072c439e072e072e3900cc000000c0cf1e000070e470e4718e7c1e69ef5b7aa956da4916fcfa6f23f2996d3a539c7452de799feef3533b9bc3692f3bcfe5d5cca5f5ad8f1cd154ca369d34c8a136a68956959305b6347c6aab6879be6f32aba5209b5537553b4cd538f00033c06625833c06780fa718159b0cc03e80000018f00000071c8331833183311dae6e815ed840c721e22b06eca6716fb7d4c69c9de860f379ab277b06db71278176223d6bba1bdf59ed3d6ef94000c720c198f9b2c46198c33606783330090000a66c12fb8500000c33c039e0e72000000000000003a7d5db0ebd47720f3374bd49c4bce730b7c7cfe85000000006198c38e79317238c3e83e6cc60e78499e0a73c2a4cd35f4000000000000000000000000000000000000000000c3318331871cf01c8e1c8e1c8e1c8cc061998330000000000000000000000000000000000000000060cc60cc60cf019e198000061ce40000000000000000000000000000000000000000000000c066000000000000000000000057363454ac38e8d00af52593e58a60fd285536a271a4eeeaa88fbc9be9e2feeef57b4000000000000000000000000000000000000000000018f8cfd9de33945ec2edf595477b3ab6f3d54fe90aacb4cfcebfd03fcfdfd02362000000000000000000000000000000000000000000001e35f657900f4442a772f3c9f2bd8d5041bd795279fa6b63fa09f9e3fa214ef8480000000000000000000000000000000000000000000f19fb33c2e7ac66f059d18f9b7d2989e39afad6facd79fbf473f3d3df2494548000000000000000000000000000000000000000000c0f2bd11fa27f33c49eb792774fb030f2efa947e7c7ae7b92396fc500000000000000000000031c8000000000000000000005037f7974b5fb757c14f4aa8efa97e6544d9c56d78798ec227ddeaba48597b48b4a400000000000000000000000000000000000000000042a6a2bce6c215ef3608aea4722156ed27c201d7b1c6a36e0000000000000000031c80000000000000000000000000000000000000000000001c720000000000000000000000000000000000000000000000000000000000000000000000000000000000000000000000000000000000000000007ffc40035100002020102040404050304030000000003040205010006111213141015215016202231232425354032333417307090364143ffda0008010100010502ff00b0c9cf108fc554dcf1cf363c78e8cea8b6817552ce7dec8518a0530b71b8c725d330daf55cb9dad55c3c96e00dcb6f5772f972d6840edda342195b6ed9629f26adb1fe363d8ec6c17ac5435cddb4ab98eded9e2b0bd75759c08b04fd7d36e2e9032b1eef51b36ec74642beac572b0175c7f99dddef30862eefaf2cbb300f6998d0abdbfd99ee6ac01b4f315aa94c9271d0d56ef74d2232c0921c81b91d633aa6acf2c5bde1a2f457db21c868941e1edcbe0e3e20de2aaf6984973581a09b137e582b921c4710d3e3ccacbe5f5d3fb92b5199371de9b59b9dd99c92f7750f10ddd72b656deb467d2ed2ed43db3714fa748a0fa486d7faf1e08570debf87eb8e981399c81632d0d85dd8657ee640009717caf58316875455a8e24c679e24171ed033d4518f06a9566624a56ea58a2dcc3b197b5ee6cfe892fa43b47f64d3e5cae90a4416d96b0ca63695cb6323cb24b83bbb382692e82ff27a6a5fd3d62a642bb9cca361f8a0b0e6d2b73f40ad61a8d805881fa471592252c28ad236f5ded5b9f3fa317fb5b4ff0062d147130cf9953815b660e38d9bcf412db288a5cbe3f6d1d80ac36374b4ccf1b8b70af11eef14c6f1ecf729874286be19ab96be15565a96d7745a9217cbe316720e22f4e5aeeb80b63139e5ed5b9f8791cffb3b4f1cb45afbeb31c4b162a0d9b9a2c8e74fe9f25a6e2e89648e4f39b03d125d699b268c160f26842cf1ede39d76dc35ca586ba83268e804d0676a8e185d3799b1acac52a95f6adcdfb173732bb578f91f8e0cc51d950a864ab7c339c470ddb397ac2ea2d5eb1a0494a43c6ab7029147084a6b4719d087ac44bae69e3519c25890712d40531eb923c6c6b16b2057d8b8839ed56e3ea5655930c536d6fd93c587554f58ce258d4b38d32cb1badb1acb26290fd58cfe29b3c71118f08061396863d0e1c98d473ae9c25ae8ce3a8cf3e12c6ad5313e1a4b23165e9ed2cc7997db7fb06d7ce335be3655af79a54a9342bf5ba5f34e4a281ab4b11e1a37d5a9e470cb13cc46e74f200f4b180726b3ae3e03e1e1c35fd3afbe8b1d5e2c7c42a2d036e8fb44f1cd0daf9fd136cfe143c731f0314600edb84ac6c738e694bd74d963a97d3a6879e9b60fc01b3d2d2cd1f59649a89633d0a5a8e35c75ebafbebed9e6e6d330d509fca6ff00da76ec7a69d2fe1db78bb6e8d79719e6c6f26f384aa158a8ae31e86972e39673235c03a3e252d4bf3d46194a5a58deb19665ac8f518ca3a83518e7a90ceb9bd344f5c1258d125896b738a51028c45a5bd9f3e9aa8fa5d4b8477378d8539ced28b61356f7f33bae1f40ff00f528f1d7269c5f970c7247154e90361308c0e799a8a43e28ae8e97dd5513d09d58f8e611a12172e872d40ba34f18d4a5c25894b8580e2516cc3f5e8bda12fa371ff6f75fcb38f577a2e4eae38eb8e3332104085a5b0a190a37569aa8db02ae69fa942cb0b6dba6575e5eb68b4a9974c6d10625dfbf559037cc3c6713c109e9d7ee0422736204f52cfd3657e131ed1e90dcb652c8770fca49661b851273038f0d0898e164fcb54db7e2297ce6085883ab1f6c186ef547d4ea0c8c63133cb523703173adab9fd6fda1ff00a370ee3fa18f1b4b1921a0cf240b7f45fa278e42c1f8418704b8e8532346e1fecb4083026559edb3e0bd384e5124626e4cf5b319c4d9ea6c8c624cfb45d7d0eeecc7e43c731e3e17a2c8370a85d60929b6c4e4fd82c2e88be7e3e2d2e32c1a09f6d1a4490b33347463711e1ccf2ec22ad057da3717a0b74c38d2825ce1f937a825d908bf58679c636b87bab4ff0062dae16a90bd71696a5db5df810e319c4c1116166ab3b7dbf335b8ae33d8e53620285c1531ae29e0a2f67dc91e351778ee292b09d443e468036c0bf3ae4e6e1ad93eac6bedf33ae09154707b723e8a09d50a2c874397acbead6e15b0c2236ba638bb66e6bbeb01665d4b49c2388c7d9ef23cf53fdea5db33ea517c99c6b77d749466268931b44ddbde6acce75d29337522d06eec989e3b9ab4b6a8c8ca6d8ad4eb2f6df5f0756f24e4e6dc3f36258b5f55b6bede15bb0c5f74cfb8b3dd50d253a356b7b4351e75e8c9d6a0d9e68f95fca610cc3baa86f6e1c16b852d4641920c9e1089f7754088d1f6bdeea85d3e63e0d6a913f36b4ddd76ed7da535fc2ecfbbb93c9aae53ca6e8fac0a4a7ca35d54a656b0dc582c2a051e41fb45908e7410b4583531ccac371631f33a4542b5d0eac85d99792e5dcdf5248d0562a0dceed5546b11857b0a5a2cd9672f47588045b6b180d6bf575f6b01055af05a5979dbe9064009271863b9aedc00cb347b781569bb64ff00b4e755e8908cedb1c56b5f9b7672ca77374daf34ebdab1c9edcc6556389a05d6dc42f34552b36ad7d6d776fa19333d355abb92729044c13e265753abdd1698aca4156025adc361da2d5db12bf29576daa7ab97b59e1c9ba0bf94dcbf359d682d5562baf95cd6abdd51647541d0657db68bf19353c208b766f583fc93e6ca700962686ba7ebcba267560e854150a05b97fdb6ef3d2b1dcdc421c70f1f4f938eace8f2c1cf43b81e1d4d89c078805c623e5d5bd0b2c691a724d88c86015db2e5a2f570656af91b9b5696cbd6813a66efc8384070fe3faff1b74fd09ee05f0c55579b0c23e16b6524068dbb7870bba6ba0619f715ee22deec198cedcd2ccbbd28052654abdcc8f797bb7b55f795965863365cd95ee4991d427cdd48c30f5dd7258737934c603555f4d03ef70834a341717fe17a7f2f787ece78f30b6b4f8d299f4d6c137651c34e5b3cf3b7b7e59aa58814daf4461c6a16b0eadbef66e38a6947e9d8469725ada2d529f7d4b6ec372dc35ed8af3781666b4dd64598958186a6d9ef909004442cae0f7278118b89ec631952fb639775486adac8f7c990dba188adb64908868aa4398c063c671c61bc218efeb7720d452b7734eb07d3dc256ed5cb26ec653fa682da14c11c5cbb2f99aea080c74425bcab62abe25a5157c37006bd13b6eb9ab0aef2e52842031ccc0416346d4dbddded0d5a57a5896ed549aeaeed775f0f1d8d2b51568e73fd04fe9cfd231f872fe1ef3ff3babe932e3541689d88af6957b953007b19257bcb48cf1151a0649a62f429016a94a4c16e9302ac538508d5d97426e3eeb4e667824411553298a94b6eb75cfaf64afb1f1d39b9aa12962c37158e3c858674bedda75b311f2e3a7afb6352fb131cd39c7e8fb075d3e30ed16b3dcf57555b26c949835bc6a5019edad075a0a0357a42dd24c46fde68b756854fb07575a760488f967d069c80fb5c0415c6f2d295a9349be98eb304f5334670ca33f0e66048921ec368d9d14d5656bc957d7d7270e5d708f8ca5e93fe98fae49f7ffecdda56ad1cee6a6ce3ccad0da9afb99ad08b5fb7332a87acda99b722a4c3dbacda905aa90d5d6ae84373db0ed5da673cbdf330579badb5925821266cd65ff603847b994370b40ab232cf7015ca482044e2fdc9a1dc08cfb2b6c8b1974bd8984136b19db1551966aae41ae6dd83d65ddcf1d77fb973aeb6ebd72ef494b15bb989936deb32eb6fd027689e69ead0be80e03c7831b6ebced024da5b819dd748172fb744947aaa5557afee9b5ef5976c81e5f5914e58a9a455e5271c2e6a74906167c7da354d4c2b00db2aa26c0ab8d60955b431678f1cc969d73146e8427035146d3db1030aaadefbf328aa6ee57f1dd71efafd0a7ce641414c3373570902a14058bd6028aef071d6d2f8658d4c33c4555a2690d53b435d71cb5d958b39aeee0869e49d4133d323d787780ac0c452432451a8662dd5fb5dea5e637f72bf000e38843c339e1a64066355f699540d384718579cba8b254dc94832d54369d7a6318f3372c2afcb7872e97be492af992122277880d3374e3322345e5fb5aa41656f7fb36bd042a9f8d7464e15a7162d9edc9a0fab62bfb4e73cb8dbfccd911fceee3f17b8f648add662ca93b20d7c808bed3099a06c8fba725dcbdca260f614be5ebf30a216d5a75aba0d0603ada549b5f84845f868e40abd196b610e3df6e517568828f76bc6630c1ab22390ad3976ee632c4e3ed1b99a982a5304134f6b638d7f8cb870dc5b7e54ccb0f34d69a4dd493560d33338bb4227d4892322e273cbe4d6065d601a90e3a190c32750ba95b58f4e93b5c5850b1106e828b061267f257570f59ab4af0227ce0e41ec9b09b358338e73238a009e3ebfcf2120389776c0a5f31dcb0c0370a5325c31095e77109adb5f1c287e43044c0ee769335a41dbacd629c360ccdba205254cb1c839679338370c7718ceb8e33a9639e510c7445e7c99c72ea238f2a70b13df7df5be2bbb57ac24a135f9a8ca9d84c73dbfd51d88ad8866f70d6a685746e6c678eeb74cf5d1dd448e292d27a6e36743014e251ff337f3260d6d6aeba890e7a69459d1976819534cb7c28d0ee8af4ab23ba6833af89a8351dc1499ccaeea238cee0a48e89bb36f0f4cdbecd9b72de67ceb70bbb84d5c4319ad1117b88aa98365aad2a925561161e5a198015fc7465da1667dd42586178c02630ddf8748d46ce876fd6aeed0b2ac58bc499ae1e5ab694a52dafb6d6a5659c3695b9a49bf6987fc332e1abf6a58aea319014ffccb8aa0dca2ad8bd4220b0262112f0d625096889ac15fc85a8eae0442b2c22bcb12ab18605af835a0a61e04af30c83a174faabad132ceeec8039a33aeb92d1e8347abb28204bcb12d89c7d3caa9dd56ae946588b6688f2e342e9b4bd5c1e85ad7caa4947678b7ad7c05613106d297507a82e6dcd7051eaab69299540218456160a558a973c84ef07a23a21c1bdd15fcca5559db33fce947198b313d0383b87c7a0da284d38d63b442c6245c0cc64fd776b97f70c556f144b95425b220192c9e04005dc2b8e15b69caf2d0f3adc6e4a32653aa61804e13c657a72b856143293c0e79812bdb1659ff001d42730d570aac2d7a8da5b46c4812e586b4e07bd8592048354cf064c8658c8ecef1c06ab93ee07358999ab5d884aae8856a65d2514c7dbd837223df5527d2b04a55fac062e6ac29e611c5338f1821826211a96b999d41269e2cab8b82e6be2b96c532d7a6acccb09ac1571d758b005e739cb09ddb488c679f715ed6157dcbeeed7edcad0aa26a46b27111e6a8909aee47caed9138ec56ecf5dbcf5694cbd9808f58d3cb16756ce00ea75f6985c7ac4210d6d6cf355fb0cb8671b76325a11871d0d600756188f45a4c06038a43b86ab561e2e10e8ea8548c6be75f18dd3d5f825c5f339b3b44cf84cdb86c17b2c728a0353cab15030e310a74d0327d3cc89d9ca2cb95e64c71cc62da35f2603cb81e2fab64006c8b3c88e3cf363c331e3a36dea6624b5456279e1a7c9d14b6c4323a2f61fbea18e96e5f06719e93136891b81fe7ba7dc37b816fc2a7872a041e33b8f733c6ad955355a98a50ee99594eeecccb8bbd982513d85496b95884985d6ad2b0b8e520e8f60d1c6c866332ac14700c79a0cfe2424265072b1e8bca7cdb9cbd1a2485d04fd89afa3727c97c3fd4d11e630dccd8c6b5312264331fd7af2cbcd2d3b392e4b0ac224bd5b460303099a3e7191e0d62fb03e311c037cd28ab06ea4a06ee097c614caac3984ad90c21810a335b7d44d9afc4241cb8e3e5dd59e71fb1ddfe1d97c97b9cc2debf3190373a7d556905d1afdc4e113d4111029cd3e98dbb66cd0556cc15aeb508539155ef2ab0a95db78aa4297a51157d464c0e8c126ec87e86546896bc71290dc0245d581d0462c649596037d4f95be0dee9c7b1ee6fa17f93731391fad373e9e5c2caf9712afaf3119b2622c1490e8c597d9560fde9cd288803e6d4aa64a29e9cd2c90c671532e68999068662756db252af26ccc1a3cc2cf2ca442c4c1990a541ddb361d0b11cb8e3c65adbdf9a7bd8f74638d1c33cd0f17eba0eea09c542323eb09c608d1e1d4e0ea405509cb55919ac3960a7c84ddb919b8ee97090b0154b62af7dc793606363a33ac2844ddc1976d344f10664c08fa1339c9ac1ac1b4226318834cf97d4d8c2c13f1b9b1ec6bf6eaddad37b1dd8bad51586ee2b7c6e9b7016442f483b8ac1836dda28564d0b0cc49a991aedf97ae796263046d10e9633dc1ce398ca4ab8857587dc6443c90b1a4fc2e51f5145e6d66008858ad5c6cb05579f2f72902e61692ed7ee5b7aa2550863d31a39ba70b2ce6d6cb1e98f63347a81db24fd13c7971c75918f97706dd6a98cabfdd61a92e8d753d7909a7440eb8c538ea4b19429652910ccb44c0012c8fa9cb2ef59909511382cd486d1242ef62a955c8572c66443f0201c4cb655c45a28382796d14b8146c2d0631ed640b017b2d47155c1938f8b2bf722f0ceb71ed9acead96d4b54030b3c41514faa4af22812d949734071e9958cf36bb8aa1c1cedcc72364660ab4b950e7e9cd81f03c0dacd90b1acde035e62a92715af9e8d1d6c6b1521a23c36e75735a9fc46e63d3d9aef39acb1e6d0cdac7af873e38c9d5627d19719b5d3c72dd6d2e861376b6050a99618e3f457a7cab310e93650f282babe0f15eae8461cc25a2cdba61074187665440210a82b483c53578f4885116a324610c5a0fb52bd06849287dce60844b8ff009bc7fd961713408c99a628d9c6a32ce9ab0caf21c9654acaab3c14182acc7523ae6c6a5986717ab537066a20b0d7bb607af3919858b0435e6d4b8879f8d79cecad5cd1966e1a5ce01683cd2c416cb18dbc5e640851e3032665924b0ceaa62c3204a9b172e04235c5ed0da6bbc0711b0a010370d5cb0f5aabe70575dae6bb98f41cb703b6fe742d46e239c4ad89a3b6656c98b27e71eda3d6ac4c4291e445f0d54fe1a4b6046f3026752ea9b003283724694a0b8716a2c315090a164acb43b970f9e9be8a6d4db52936f81756a3dabf3d7f298155714f9a84d4a6300b69b8563b153509d3bb59e474facedba296ae68b6ca88921dc67148494a34cd6bcbf973501f313369f7190d3b2be661ae26829c94d136fc155d8eb857a3db35634475b5e1d72e31aced7e916cd17e362973cd96aad61e6b1cf30aff00697e96b6d34b6d6a3525605e8ee961f4d9cd95d015576ca674697c2c58f37bb1af08e020c9b5e5e5e131e6196ed7b6b0c585c31a65268983d2fe1e4daa19113d2ae080b6cb91a741e36b520b65e74f7a0c8aaef9b98002581ed761568da0be0f88f28edbae44de393b8a3f5f6319ea16f284b1750e17cf728b6f845107478e635d0cea55f1d3e8463a7e35e9ad5354eee4640b8950fbc59d2a56b8729ec43ae92a3c1ac3a5ae3260e3fd37017278d79817811a2e98b58c31b6a919b76e108c23ef64088ba8a29475284651636be432256769ac72cf43aa39f40db389ce38c623ff0043975b896a527c795daf8f6b78877bd2974abca3b1f0ce89bf29873ff5029f5fea05369738d907bcd953a36d0776207a6ba3223d71b6eb2a16034ca86db7b885721fbf83bb3a95ecbabe526abf6157740228005ef5f7d6eefa6fe97cacd65bb514931c72e571f6dee415d87c2fbf7953fc6f7cde5c3cf49b5616747b6b739112eeca7beb777f3b50eedddc61ba06af7f7953fc6f7cde1fbe6ddfd8f73ed885a8f6dee42a99f822a43a9480b5b505f06e05791ccae54ff1bdf37763f5bdbde94badd7b671610a6b7032bdfd5edfa6484c30037acb4b7f8fef9bd8b885c6db9f3d0ebefaddfb6f544e519a165955a7f8cb4aff008def9bdfff0022db5fb0f86718d6e8db5d9e68f745756559b13292a49d5adf7aceb70eeeb656c7272365addd9694e2a0b6cdca1e198c65adc1b464bca3286b699bab4fef7258049768aebb3533a8c2308fc963b66aec255d5e0ac5bf9bebfcd8de3d8b456ea2bd6b1b8eb579e6febb0d2f7d5ccd792d521302720f268ee0b68019b451427c4b5dcb0bb52585591b81f79bd565d243f720cd81ad68af4c91c43e1b2627675bb74bd7dbf572ec926181fc53c3f49ecde72aa9daeed2f790d388712d00242f87d5eb028421c294224e68508d02ac80544d3dae9a9a2d140a1f22176de439e29ab1501ff2f70c7fcb9fffc40020110100010500020301000000000000000002120010204050308001114260ffda0008010301013f01f4b63bc4d13fc32dff008baa4b18d2d93697816c9f01565b269631b1a5b7291c52bc7bd2e2132e09255468a34ad2a958f0958edcaa55f9c0d468ed2f11dc56fbc16ffde31db56581c7e7617095970d70e399e0c6a3db2b08e0aa5e8baf417fffc40023110002020104020301010000000000000000021012400103202232501330704211ffda0008010201013f01fd72c5856f42a378fd16cb6e4c58b29d456caacdaa7ccc36e31da557319869516c54a8ad96d2b0bc1725a54d0ac58b46de4ee456c2ac554ac5a36f27705178b28cb1b793b86df1661586ea2a8ad94ab561985bc30aa328c585c6d3cb83354686635ec2b0cd1f1e5d4a9dca8ad0da8ab90d362c33d736c330d6866ab0bd8dc56166b8f586865176ca8bc572d79b4d45f41e3956fb1a6d84c5a6c58b4db9f90bd4b6130b6e162d0b52a34f785ea559855ae16ba1a69352a31af05ccfeb82e77f53614d6be86a7fa2f2d7199abf430a54b165c762a58b16e361a571d96c59458663b30a58b1aaacb1a6536d952b595f4352bfbaafa3afe7ff00ffc4005310000102040206040a0704050b030500000201030004111213210522313241514252617110142023335062728191243443537392a1156382b23035b1c1d125404454647493a2c2d2e10670904584a3c3e2ffda0008010100063f02ff00e4314896883b562dc62b6b4c5c32b3e71545aa2f93e79f69bf78a916b53cc1afbfebc2370904476aaf08f1665cbe498cdf21fb42ea43d2eae6068c94d4729ab885ca3cd9cc80f217ca91b1f4ed478e2c94d24eb526a3d3f3855ecac2accbafbdc48dd75629a200d8684b5a72f2cfb022f71a135e2e3cb72c282332ce7b94ca1cd12eb8ae37858b2c45bd65777d74730f1643c39af28f1bd2eb46ab735289ba9efc6956452898e26289d5a43f248d3aa653246243c52b7403d78d8addd581312aa166906f3e7600f18c79ff00a3e8f1cc585c94fb5c8c1d0cc80303978d1a6a27b8902fcf13d3af11512fe7d890cceb2d0b6eb4e8663964bc209457564e4ec2f78fd74e3a79cb68e5b5b4e6ec64388eba480c87328f18999e7527cbed07743d98f1a989a39a98a5049528230d49cb1983331e7a659e8e502e39dcdb63b4bb123f69e962b6ccda96e8b5ff00f708f691c98fb3944fff00643435b180e09ab1720a396eec68e94659acc3ee5f67bb1423c579d5bdf77ae6beb975dea0117ca1922de7ae74bf8e269d3cc644001b4e465b7c3a5a65ff00b2c3640536ac1e97d28a98d6d5b0e0c0ff00dd033d36340ad65a5d787b45db1e3064b68ee2561e65d0b5a5a8fb5080c39446d52abb7644d6955dcf432deea6d5f2f0ae279efba692e58fa3688a27ef4e32949405ed28fa8cb7e68acee8b5c3fddc50dd260bf78917b0e8383cc57d5b3abfba548966baad363f28d24ffdf4f3be1d23a48f59a6e65519f68d2314bea52c7abfbd73ff0010dbaaeda03b521a711ea3223ac10e234754cd2a90ba264557c5c7eb8fa7f277ac034d020002220a276794accbbcac4a81e193a9bce1724ec82065814b1513be2cb910af11f84266952558ad2b77642871ac1abccb649ddad0aee8c789a31e82eeac78acc8e04da7417a7ddeac99fe0fd4a3f861b2eb3cf2fccbc130ea6d068cbe5128db2baf3395df8ab1252d243e6ae413244ad1121b1aa5049156bc62932e800538c235a3c4a524b8bcbe90bdc806180b407caa41483a9638c387fc42b9dd15ad172ac5ea5d1ce1bbba31ae745ac38e2f46321d5adcab0fbaabc9121b799d57da2556d7ba1b98d87bae27224f55bdda4d7f3a47c225fbdcfe6f01367ba68a2bf182d1b3cd3a8c81565a6812bdd156d86e6e9d369cb7e68504128048ef470d2fff009d72807e66e9999e26e2dd9f92aebc62d82748962dd13278c29bcf39aa1157e5259df70e8b1fd5f368ef52997e680371b06002b6da9af088e366e173238f434ee38d575d1ee72170a70ff8d2e82f34db89ec17f8c2b4a26cddc1cca073d411ca1b154aac695414f378f51f55ccf7b7fcc91fc312fef39fcde1a2a5523490ca3766168e347accaa6b124a0944c10f2564a41bf199becdd0f7a05e9f7bc6de4e7e883b8633aac0b3c17b23c5eb662254939072f8c2225516077a9dd198c64b1a85f08a3a1458b4804c178125608e41c264fa8b9b6b1e233af24911277e27bb092f2e341e2bc4bbfd5739eea7e8b005cdb4fec896fe3fe6f2349dd233130936f62364d8d6becc32cbd91e6aa3caece9e1b9568890727a30f0a59bf4f37ff6c614bb768afe6717b635b2fee8cbe6b0e3ae16ab1adf1871c255222252ba37e37e322458cc6338d958cb646ed21587c72da249b417b207466923bd4bead33f79d8beab9b0a56ac1c4a1f5a5c7f448613aaae27c8bc84c779b6eed972d232f0b9272c787a3d95f3ef27da7740b0c362221ba2917946740fd60b6c2a384a97febc62aab9764738ca367875163593c2ac39de249b4579a439253b4f1b97ff00f20f5fd54ea736ca24bdc5fd160fd99a7ff9bc839c665da9b43630c41c5f46b0c4b99de4da66be06344ca2f9e9ade5ea84372eca6409f358aaed8c97f8b94161ebfb519ad116257a5e6d685c21332ac0eefca3a3f05f066919794d4f4b653329551f687aab0dccb7c779392faa493b16194ea1b89f238d20cf16e7def28dd35a0822a92f743fa5dede78945aec0f07248a53b879c6b6d5e0905b3665128aab68e1a65144afca1725f8c66dc76f96a31d8513320593735aed7bdeaa996beee71f4ff9a34db7fed025f31f201a7dca19ec444ac5517286e48175a6dcb7f861051321a00fc217f58c92abd1482e7d22ff0008d4dbfaac79c8036bd24b96c8cd53ba33fec8dc8ce3557e716b836af9158bd1730db1dfac90d4f37bf2ae09432f0ec7004be7ea9d30dffb5ddf9863492739760bc8726656611a71d6708ee4bb2ec8698455546c112abd91a3dafb9654e05179787562a876f6f18c92b0db5d1994c3a27f6c38d3a498839dbd8b1aefb2dfc738dafd3f0ca3eb283efa5b1725aa9cc16e8de1348d5ca9c228bb628b1548aa42a57305afc21f69775c65619455cda520f54e921ebb2c9c7e348ff2af95326bf632a317f3ac522de2b58b896830a64b445dd18f34cab0d2fda389fdd0334464e3bd6284f19644d47757946a4b05dce3646629f14ac5f28452ee759b5b630f4bb788cd69e3409fcd1aa588192892728b9163573585e0a90a2b95233da3515f8c315e640b1a565b80bf77aa53f7922bfa146873ebe337e569a2f618481f038eaecff081d55375df40cf3edee48f1b9d5c6985e7d1eefe8141d013124cd162f6ee29035f8b302eb4b96d8b836c620e55de8475204fa2551287036a8901a4697a6cf35ea9d107d717c3f4ac68877ab3e1e433440d72de3dd480321b5485154794697af1197584482a760a7c60afdc642e283d21363e75ee8f50380ff4440428a8518a3529174a849f7517b65515e317a7c522de10485b160abd5a469673f7c09ea9d0ee7fb65bf9861a3fbb9c64bc8cd3c086bbb372b6a7bc11fac7b2371433249baa48ebddc3083fd19098dc255421e758a2dce68f73717eea315b5b857fbe2e4fcb045c136c5f80e88aee9536c3eaaf863bef2ae1d75bd53227d59f662657a961fc961b2eb08afcfc9979d1db2afa12fbab1dff00df0e2d7a313aeaf0310f97f437b99996e02718b711c4fdd35164edf7deb65d995b194134e82181ed4585197d6963d8d9c549147b2356e16137dce1480c2cd32cb922478eb0d3606c4d345544d62803d978a17cfd50e927d9181fc8a26fb65896250f9b21e4b8cb89517055160e54f7e58d417e1071a43f1bfa07661d5d50155822bbf10f83691635c77897796297e719781caf435a35487e303939303d46c75615936881d3eba5b44ec893d1e015715d4377dd48414d8944f544e8fee0e03db92fed08905fdd53ca1d2ad6eaea4c27fd50d90e68513b2ff7c37f81e7180c478456c1827cbc6b13a5912523c567973e8bbff77908c36ee1ae2a2c033bce2f2de70a3166de59567a81bf1b5fbbaeaeac378af14c4a9120debbc108a8b0f768ac3a7305465a5d9d68190d100da03544373a290e3e5bed105a7c46b09e2e39b8953717797d52f0f59b2894fc256fe59478b11262cbbae810ff0017944db8370122a12429b5539232aa7b112ba4016a29aae772c0982d4491153e31792d290a0af992a75523eb42cbfd1737160a4a73eb0c71e061cd3c898d22ee6204a0cd785225d86ea8c36826489d387b01a2c0001d75ebaf0899af653be1b43da8230e026d215448f172cc8aebd53b62725195c56d97682b0c4a7dacdcc80db021c8513e5ea9996d82b5d36890161b6586cd4e5d11b36ba404912de2e08db92e28730f7315fb3f2dc39a51465135eed918da29b7f08b7c30f57e11fb35f2cd3d12c24b8ef4cba0dc08a300b9714861959065e277ac9b06259e917bc6a4c332690ae262ee5ecc38db67526f79152919412b8683b512b00d1511c4adc902134d2396eec58d00b4d8728194612f6192437579d38479cdf3d628525d8914f1b36ed25d513b1611bb92bc1b0d732584d2ba41ac1c34b6558ea7b4beabd212d3064dcc8cd238e389f6adaeec69997e38a049eeaa797a2db77d09cd6b8f3a2650db6cb746faa1053e24dc9b62e6a1975a01667399909b0276de90738079b5a892402bf78982644304db1557a635457a46b1e30b911d328a2c324e56ac95c30e9b6a4d99d2e205a2e516b2f83f4e61ad04332e2801725816d2997ebe02b333716c6d3992c078edf8eb9928945ecb1afd73d65f5636bf7f2463f91624ddff005a60d95f7873f2c98772d8a249c162c764fc6b2d575ae3de913326f79b7a55e2d45e17468db2addf5626c29cf8ac1036d1bec55766ec6ae8a7eb033b3fbc3e8db4dd08196637ebacbd58b9d790d6a9d9170ad53c19467e02533b5136ac2696981b65dbfaab6bfcdeaed0afff00b52b7f9d225a6bfd5675a2f9ff0043e3926ef8bcd528ab4d5713da8296719936c0f79d458fd95a4b5664370d775d18dc4f9780dd95982032e502f4d911ab74b5162a4a803db1e2fa2c4f5952e98ada290d84dbb88e8a6b1f8311d5f7539c0cce9215665916adcbf5bde840044411c9113d5d2aefddceb2b1383fb9524fe1897753a6c82f8470dbc579c2b1a6f9940c8e92641b74d2ad1b6be6cfb20db06e65fc35a19b6ddc231e3126f0494afd9552e2723c51c6259c3345b663a3f286ddd20fb3312a67619085aadd61471c8e9d50803adc3f66e8ef02c5936caceca8eebedefa7bd1e6260097abb0bf58fa3e059cceb58d69c6db1f61affba2f7cce64f9b8b5fd2282992455f9904f6516ab0bfb3e5a81722631c7ed1d2afe3bf979c3d83eea401f884cf8b97db125201f64ef034aa2fabbffb963f9a2d5e90aa7cf286038b4ae36bf028f3cfb4dfbc71ab338abfbb0238949a94d1932a12d89bfa97561c939c91c298c9c6d44f73b62619955a5926bfaa449006c4976e27da5fb016847e39c60f49f785291ca2759e02424904fbddc21c4d7947d37471c91edf196d7677c03725a571d82b6c3224e3009e675c9444887555460a649f069843b2f0085766a6a69c6aeb6f45d5ac2ce3791296a238baaa312b2124eb0a72eee2baaab4132481987c70c1ac9a66b95dd681688844544b57a313ba31edad6b8a2fab7cfcdb69ecd6a5fa424bc8e8f9a34c503c424b07563d1ca4a276ae2942e3e9199542223206d6c1aac6ac9812f33d78d4014ee485897ed958f169d69c712cb2a1d218c1c1b99455c3cf5c47947ed3625d8c436ad596f663e9ede11b49416f9783484cdb791618361cca1b98d28e0a222160b4099277c10a8dcbac895dd3af389869944c37e9782f0a714ee8090261c66d44c3315dd548f12c0256b0d42958f1294601c15adca79ed84479e2c34d809aa29f28a211913a6882a89aa890ad4cb22e3423b556948c4a32e8890e1236ba96c1bc5f6927ea9acc4d34df7945b232d33385ec37ab1aad4b488fb5ae51f4ed2936ff00b22b8631e6255b15eb52e2fd7c091f283eef00fc6247f00e37a9f18aa28eaaa17ca311b24b96970714826c928efd939ca0d9f1674cda3502511aec89517d930f1876e105ded58c1522044aaa0ff8c078d3f829bc8b0c84bb4084e12929ed5248352c3b06824a5db0180840043d258c79ac2f4ca80670e9a397a15331d90da38ba80288229ba915d6442c87b619605f5c32b6e324b7381d212242b6ea1324599a404c305503fd3bfd4b62bd8aefddb5ae51f44930936fef2637bf2c7d3f4a4cbfec879b18a849829758f5e1111289d919c2f8122deef01f6d3c031320f362eb52b280342eb1469369c950c66e6175553636bb2253cc894b8dd7876c24c0b228f5b6de9196bbee64cb49b4960649675a7675d33376d5ad4d73589455224c39652ca357a744cffbe301ead0546e3a7f643832f5516eb42a6d83099c46d69b29c60dccddc2a0f6e70fe262637d9a70af6c3934e5ed902a612126470e36f7a5cee8d6b549ad5b0f62d62f41b576e5c2319e3d6cb38979a07b1a5e67d387fd690862b512445454edf5138f32c2be63d048ff002a697b3fd913ccc7d09a684798e719f92be1cf2ef8f3b36c8779c61b44ecc2fee9b528fa2e86985af17970d212b332f28344ae1a5e50eb026fcece3e5710a6b3850dcf4e5b2b60eab4def2a7ef0a3cd49ca3a03bb43a47d564d9ef3ba27b4acee14d4e65653a090ba4269c6c9f701149da58202bd580765c4b05a120c6ebc35354bad2d64ec8f385ace12eb1aec48c256c4dab8b664b0e3cb716b66bdf161b1abadae3bf0e668940222b969b21b9304f380b5c42d6d5e50330f0eb1d4aabd2ac13e99b4d2a5cbdf048dbceb4d1d052a35bbbe065c5bb41b4cbb2bc20a551711a11d60a7287b473abacc66d7b8bea3a3f2edb9ef0c5cc8bb2cbfba71463e8da5897d97c2f8cdbd1eefc4863faad92ee7e3faa1bff008f1948c902f6baab1ffd387f3479cd26cb5f84cc67a726be088904fceb8fbce8bae0179ccb28d1c232a08dbcdba1cf5d2282083dc9e129b4579878f69b4e5b586e49671c798595270d1dce9032d7ddd67137461a6347a83b67a5e4bd9133fb465c4661ca28029e56a414a07d5a55512deb946180929bad8a1755ba7284f193501d7cd138c78c38e174854572a2c10125aa396702b30f61e2b96a25fbff00087d8baf46c952b48339aa80b993068bca065db424b1a155525db5837f1755845b536ec83949b1140a1dd5e0519762409bad78c3434aaf456b0ea936da5c8bb4bf48969d6b2007d40a9d42f56e9394715041c24996bf8b6c14cb1aaec9923edaf7432f52978097cd3c8461a5a284ad0d5235415d5aad169aa908a7e6a95b95384326d38d279b5b73a114388424819ae1a2f2871a2dd177622d728785a0525aada82908c6328025cbac541ca05c72ea1d6d25e9520aae58800a572f67f8c1b8da641bca5d9048e4c2b6800a61da5047691ad14ae5ecef800977b04f3cd57282225a95573843a25539ec86da15a261a6353a650648c22a096ff18781d6d51545493fb6251e45de647f4f564832076136c9999fb3129a29a25be6de1bbf0c77a1053625113e1e1ce26b4a2b821e30e12b59ed04ca2c32141415512a6c5582791ab133c938c203cb8368ad2f4899369137d68bca1dc412574975553667131542f18b170cf85d0dabb5b5552eb601a940c5da147537479c57f48643c52f773bd2948255454cd5690d83988674513f761709724837110557012eb56b694613c17340da91243f392ceb818695b160d1c97c5534a6f41108e6e2e41b631dbf3b2a67e71aff00b611f973b857f4f552aaec489cd287fe92edad7e1044fccaeeca0830d7c732f22669b704ff00b2259833b6e44d65d89767026ca93816f9d5e50d903a061954d53656089a715c20a88a96f2e70239d2eab8b060857002adab12cd4b8aa5c822b72f4e04d4374d44cd161b014142a95c55deac102bc38f6a38295e7c20c1d012221d52aeec364ae119bc2541b932a4213802e20ae62bff00883755c6d82cd51b55d889028e9582bb563491f60244f0a7dd561f7c358dbb0bf821a75a74c5f4add96c86ee000b6bbbc6b12f3f7894b4de4f80f43b610856a85454f8faa5c06fd23ea8d0779c34c8ec65b41f9438f71999975cfd7c8ce15d0aaca39b17eee1b453ada28034e30d9bd9299e6dd36458c36b96d8213ccf853b62fa4540ec5af0e1057bce15f9ad576c6699f7c74abdf1ac65178708dccfb1609af18244cc49161a49adccd510b629410d529352fc365c906d96c31515f8c4d326da9380aa1b61b52b1009cb75b6579402de2ab54b99187c5a42194224b92b072ce6fca15bfc30408bae3bc3df02dbaf00196e8aae6bea322254441daab0ace8d947674938a643173ba20153903fad184fa3928ef51f4b7f58d1ad2e62d09bff00dc90f122fd992c497b8bfaaf924d3a0860694215e30339a2ef2005ae1f483dd8539c32bd05455381afb4304d49cb8bed152e334a06513338eb98f320c5a04bb06bd58144e8d3c81f07184142d9c2359338c955093e59c49b6c0203cce79febe06f4888d5b77272183951b56da9d1631dcba8ee772f4a28fad10d76aa6aa56349ccb38ae4b58a540fb4a4013068c3b3194c998eb33d888b1708abd30e38df9e2d6748ab1e6f434d2f69a8846ae8f966fdf7ab1f59926bdd0528f3fa6e657f0d1023c6926dd9b96054c66dcde41eb22c218ad44911517bff00cf5900aa0bae50a196d91444c31d9c6b1458c37da070178146368d9c26d694b1dd71a43c3e2cdbe969211cb9ec896969b479a3686dad9ab1f5d01ef458feb063e71449f63f34673cc7e78d69f63f347d7817b91563c6bc55c79eec6b2584092d18b6fef0ac87466c25419b86b62c25acf18d66e8b168665ca081caa120a17ce2e3bb282744dc441deec8b826552288f09479c0aa7645b4245ed895741e7016e40bc37b38b9dd2da4093deb63126bc65e422b759e849b941c695c4eb5f6f7d2165c9ab1529680f0548069a6ef56db41a8a5113b563e866dba7725c75eb718fda734fe3cc52da52836c68f764c1b7425c88a8e16c586e567bc5955d694c706b953bfc89c3aa598243df58926dcdf1602bfe7a72ce655dd2e4b0329a558709a0dc996d2e18171a31312dd548cfc1318688de20967df0c22eb8b94bade102c005c889bb4e51541145ee8157db1442ddca030da0334e411e886eee82bdb54afb302a2cad39c38dbd9618add0cc94aaaa89eb940e380db96b2f0a411b2d208d76f3ed873151540babbd58c4301055e09c921101a40546f5979c30d9a5172c5b5b8331aa85ebf28695a0221bf5517b61c4baecf6c138e85edc4bbad5c88b451af643333d254d7f7921f69aa2384daa0a92651a2d871e9769827551c16c792575956300e519c12b91b755378d226c64e4c4a435d8d44d6bbad0cf8c35af4d6d78b136520ae5d55dd04de22e50e4e4e3a3e34fd353ee83ab1be31711a222718b1923993fbb652b0ccc693116a5da5bda954e7ed7f9fe79a414acb961b13857b15d80e75629332d5f6c3ff0031bca0bed2439434e1c61bb8c6e835c976c3b5442dea22f081153c375bdde59c1aaa8a8a8d2bce04c3504f6a436cb817251176c0a3162eaa718715ccb150915794299eb342b4afbb0ea808825cb90ec83224ade8b84958b4b79175a00884b0a9aaa2b0ad1db761a2a670419aaf2482a37888828a4a3c3be325cc633aaf358306887ce2254a081554c83657b21d95be88ee639f148f484b4e4b080f862222f18f18f132765dda62b61d154e50e4b58ac53eac2436d461161e09696270801555c2c8121bd2189e32f3a35bd7a1eca4640b5281ae6ab4ac3f3d3ce1bc38ce0832abab9451861b6fdd4f50bc83e91af38d7bc312f329f6ad8ac57560da0aa538c0d149539422a2187c615710d17be2a466bdb7466eb94e77ac20a1112ad76ac612a41334a1c1196f39416fe3072ec9920126bd3a50a8494bc2a3dd14555711c6d414496103a22b08d360d1db9d55338c524bf59496ee3093468b6a2e6810fb48ce1ab8a8b545e5068da56d1b960f1885a5c5a553323f843a6d500135a8b058a48875a560c985aa34e21b7da90dcc354b5c48da91b522c72a843ac0e26f0140b7a4992703a334d26df792352759f8ac4bb323300e04cb96bec267455e924679c5522eeb3eeaff00cdea2a2c4ec82ffa2cd15bee1e719c6a00a40a7b490550cf0d69022570ae5744b349d445f9c618aeec365d2cf3a402aba952d6b606aabad4a5209a954bdb921244ed2e92c36e95d445ae50c134d901e685ca1bc32555b75f2d9dd082af0b66e7a5ef8716f4a8aece704e3c62055b758b6c1308bd3b6b5ca3c5d0c1c343a5c8bab19a6795df18f8ac2385b2a82257438d38debd533aec869fc8faca3bb6941e8d71750f59bf26e7249a55ee8456251a05e683e09973aac9afca24ebc42ef51cc27dfca01fc4169e15a021aa70586f09152a8b5486382aa25606f4e5fa429a71a431cd1291cf67c205d6906f3a8077ac1238db86ed1472e9d60580b4133cc972186e5ebcfe30ac3351127ac4bbe5182a4154240babab0d996645bd4dd847f56d5254db9c2bca546f3445db9c018ef02a2c79c3c8d12a88900e516d2e304025413db0a689541a22ac78aa384eb4a99252072f3ac9228d219991cd0d3cb9c5e2addb12eda6c16813d47a3d7ef25de0ff00abc96c53aa8b024b996ec0b5ed243463b1631057ed120dd15ab2cf9b67fc606aa0aae222a2a2f38079d5d7375469c21c75b41b8aa955e11687255255815e22a9fa428bb304a87b538476c36ccba34095b8969bf18c623719569c20cd0041169a89b225b0adb6cd644e704e5477906de31613555e688902e86d1e50338d25aa25587640d7273ceb1fe1e5c8ca7dfcdb7fa7a9342ba9feb441f987c9af55948f6ab58c74da2a9586a96db052ad979e78c92ef661d3b2a624229d9db1f287514d111ca261d3645511683bc51e2ee3446aa7b6b0466caab4b5a022c7d2ad468055533a6708eb0f5f76d4a6ca4376d6bd3ac62bc8369226deaf3871912c441a0d7640f7a436d0dc656eb2f3af284175506958ab66a876a6c489a331aaa6ac2032bf48943536bb46199a0d8e0a7cfca936b849b26e97797a924dff00b89d68bc90cbec921b2eb8a4103d5b7b215c55a34c043ba49d05447aa81c912018534699d944d90cca03a9ace6fd209a025306875cd13942b425aa5b539c0a252a5aa904e4cdc2ef0e5155e2b00db615528c2251aa5362c0d8f18a8ad533d91792ad4b6ac0cc2d6b888b58c570ea6b4cf9422166b92dc8b1955556b08a884974353ac7f143d264a98533e758ff000f2b4b690fbc7f083dd0f524cfb3617c8a0579a2790255a28c31863a9922c1822d156b9c1caa12acbb25ad4d8669186575b5c821d3124756a345e9077c139c7845d728ddbd45870db02200de54e10d1d97d8b5b578c3f8b2f99a25aa8bb20c0442d73795533f840bee011da8b92412201e2e2dd558adad9af54f3803793573ca0f051c15ea70ca1b755b1729c1611759097a3c201c5ca9445b7940ea64395fc690e8e10989b64345fee80102d7917af4486668577c75fdef226663a8dadbdeb944a0aef285e7de59fa9275be6c1c4a3a9d2643c897166f5caa809d28270857552b489976544856e413ec180b5068d8dee9575ae8770ee34aaadd07844782e531205b4d89b611da25b5a436a4152a25c0090b6866454144ed84973d42b90561ca382aea12a7fe209719b6ed15dfe3d908289996489080e2862dc572d77290b8478822b915297460a6d2fd20a5dc712d13a2b89c20831f21ae6a9bd48575b54b33b4bad481b6bc2b00ad964203865cf8520165d8fac059868bb4a3088aa66b79f245f225b458eedc8ebfee0c513d48e8f58093e71283d5b87e4be46cf0125a342ad539c14ee8f1acb96f87520c5a3b14c6863ce0c994ea26fe44abb72ec81e04e2ed5e09040c95c23d2e7144cd4a045d1b0b7a1176f1ac5c4e9549161490094476ac6aed826d5d25458c46d3d1718c5dfe69d6ac1581862ea265581aafa40e10d8d94c4cc6b048be9768d176c08a9205dc57843640757582bd153b33a43330d2e4e222f7782aab06e12f9b0455f7a1cd2131e9e735bdd0f53694925d8dcc620773b9c517c365ca39a2e5e4364d0ab26e56b6403e5f496076dbc21bc365a251dd3583bb52b5d890aaf0e69b8bb619c2522b514734a5139409d82e20745762c29220e6a8b624543504c2da0ebfe8b1f476b0c1053e2b02163698628296a53e7022ff00a41ad5052904a0cef22a5a495db0d5c48dedd628c9c1240555c8a358fe71557b340b6b146ee5ee4aac0e582234b55ddef92460a5caaa57112f1558cf84292ad05205c34ff27cb96afef8fd4f2da4d13cd179899f7576146d8d7f0d38c0b0676b85b1178f806e4dd8b78670533a2928bd397e8945934d1b445b6fe87740b6d18d0ab69aae50b5da300f0dc0469cf6c38d9ef0d6b486d714548d575136a77c1029e1d8972ac0982b4a63aa621f348f38621df0983571e3ddeaa462ccb8a9fdb17a15d6aa572ce90248d5d751516bce3eaadc6ab42daf62429e2265bcb0e4d61f9afb35eba738c553a336dd58a95cde8e05f8bd02d34280d8e4229ea7718746e031512480909a73cd7fa24c2f2fbb28a3991464b0db439bceaea8ff008c58a57be49acbc6309d04305fd20e4260ee21d660d7a61fe29e1ce3e9b615db9f79f0871f947271a10d6a3acd2359b072104db7c413826631f69776a426a3ea76eb176c5d2ad181273585b10b3ea245efb4ea769246a02a9454868abc20ee4a0f495610096b84e2857bbc14d90f82952559f49ed1f28701d6d01b5a1379c4c348f1fece61de1f685ca01a6d2d10441144f549b0f82181708279b3f1b9204d60717ce0772c57c60d85e46948d1d36b320e340b42b561c56d807da9854705caed458125d4d5455af0865197c10654aec553fd123ebad7e648ca6995f8a464f3505a42c472ac61d512b84bd68bbf6838f1f492fd558acc838c29eca0ff007432d9cfb6d8bb7e7d5b73e3044ad8b8c5e4293229aab481981345bb3a2926702ebaca93795aa5ba9df1aafd88bc0728f3ae92871b961f5d81d04a45ed07f0ae5174dceb4c322be85173816c26c505380a5628cb136faf606d8fa3e8f014cd2f74e1c47c05e952a93b66f35589b71b79f76f014f76bdd12cdb2426281ac49cd7d5730c4de904974176d294b68b6c5265f976c47ac5589a9b9b69bc27268fc5d55bd6345e4913122d12f8aaa5ec89ef076256261a636a06ce7489671b9362c204da091f5096ff008691fd5cc7e5871c765d963aa503e272c928834a1556f28dd37178aaadb0ab41afbeb585c494717f58f146955b040fa4127483659072ba3a565e5d96ea18a4ddc46a9ca1dfda1308cb429ac819c394c712525c2e5f18159875db45cb0a8b76dcf62c78e4a3e8f30555c511d904f61dd6d3ce0eefc61b37da6a69d735d5c548f372ac8ff0245290a725386c2292961a8de2958d1d2d393f8b2cfb9ac3661a6a43caf3984d26a8369c7be0e6f463de2b300976aee1fbc312d354a62b68b4f55278d3026a9d2e31784a0a9733d78f3d961b03e295ddf6a3cec9b645cd76c116d5215114e6ab12ccbfbfbca9cabe17c8bd14b12b6d0f76d58af18d514ac6c45482e50d9e8d05f19a50a9b0d3b62af4b4ba1a0f38bdf3c4cf753753b9204c1b4af64130fee988a62750c626d5fa24b132a46bd055ec89ac51f32e32baab12f8bed207bbe460b951515b80c7682c6d666fdaf465060ee1ca3268a2e2a2dc442bca1b65b4a03628229ddeacc39a690d39f148f33a4a6807aabaf18faefbff0078eadca9e44e34e3497acc99937c7e1141b6bc4493348f441198124644297728c654a9bb9d629c633358d574ab1471056bc62968a18956d84bee6e4c7797ad00d34360369411f5ca628d1c1dc7477863e932de3cda6ebcd64ea7c20953499314fb27817fea8d59a96757e300ecd34e2cbddace2015bfac5156b2c4aaad3a39a2578422a67da31d28de282b7ce1274fa29f18f1f9c1f309b885d3841144444e09ebcd7013ef1ac6acb349fc091628a28f5609cd1af2337ef3069734b173fa3665a5fbd942bd3f2c505ed285d9e2bad1e6b464c1f6cdb96a7e54817348388fd9bac88d8d0c22227ff03adb66d9b86755a0c6b4bbe91e81f8a12badf78c5d2ef0389d8be41058fad169bb1e8e63f2c7a398fcb0dbcdee9a2127c7d742332dd6ddd24da90ab28f9a1f23d8b032af160ae2d855e10467a44d5ca79b6e899c0b8c38ad9a53318b0f5264135839f6f84cf095a32e20b0fcbd6aad38415e70d9ccbaeb8aa95a26a8c0b60940144444f5e3f44e8040a69155c354a22d7a5db0cca48e8dd6735b14521b7111c61c1cc55728b4b526437c39f867ff00de0a18fc20f5ebff0086112933294098c1cd3ef21347691aa0a2da265d0ef805659039701f37428e2d4c305cf645aba93209ae1fde9e09ff00f782867f0c3d7aff00e18448fe0a42cc308833209ff123f66cf9102660db8bbcdc1cccf4eb8e26f112adb0af68b71c069b5f364b145d4980f48113ff00ef070cfe187af5ff00c30892fc14f014e4b0fd2053593ef123f64697a94b92a586b9102a738b1a6cd5f753cdebff00cd02eb2e136e26c2185225aa92d6bdf0d7e18faf5ff71b8905fdc2784b48ca067f6cda7f34135a5f5887d1995777941ae8e965065132444e5c7c0cfe18ff0067af5efc30890fc14f20e76503ccafa404e8c60ab058c95d83bf0e38bb4d54be712a7cda1f5e3f292d6b42dad2aa99ac1bcfb8ae385b556125c2c71a4dd13e10932ad61adca2a9e1ce99c14d68f0a874d9e5dd1fdb0da7dd928faf2e36c097b46b1f576bf2247d5dafc891411444e49e4dea186e75c211866b4ede3ebbd2b20e3c9a8d994b1dbca244a6c89c79e62f5b0796d586c149c2c467145402e4b2065af2bc99c51cb55476ed8727c489180ad4952255922d69af4596d871e97554c8d1155388c48cdcc3a2f353135804dd9454ed826dc2d71649d5144e8a438aa2fa2056eab7ca0b55eaea5054332bb9423add6d5aedecf5d6939d6bd34aceae7ec10e712d5d83a0b2890204aff929ebabc014a24d6596a8db52cd8afb2eeac1ca29582ecfba15ec1ce345380be7999675c0f799817294c4c62f9aac68d9e3f3c1e3a6de09742ee90c36f29fdb78b59d8a31ff00a92bfeb0ec348ae36dcc8109cb2a76240b8ad611dca8e07234c97d753a26e1b8936aaa777089706de368d86706f4e21ca1a3422416e5565d1be162c0d5f71cb11a41afeeb3486c8661c5c371d3a2f3761b319870d031754bdb82956955056fa765d9c3284ebaf0306a6d01ee89461accb9f59c7bbda89d615f71526c948d604fc71ec4040c32e56f6461a12966a444bd255ffddfaffeee7fffc4002c100100020202010206020203010100000001001121314151611071203040508191a1b1c1f06070f1d1e1ffda0008010100013f21ff00b24ff83d7fc92bfe217ff4957fc14f9837f6dbfbc0c015a3404c2c955b193326508d89eab44cdc26364bff006c19f0dc412e1eb5f09f7216356fa234e45cc7043b24aa749c60ea1b29a9ef2a5f640ec1cc2ab62170c7cd9d5e0f33c8db6679fa66f19131758c0a87d2b9269f626541b1037c66184e6150f0f6665832aab880d2931bf9cce00d150d962b4d243efbea26db9b12de0b4e4b386b5777fae4a270219b52a177f13cf0fbc33db466f3b18f1b9c9c6601fc6a5bda0a15f0408c085d145af81e4be0e6293c667ddee7342fbc1fccf20b57a4567f476c1f075be0926bc2cdfc62e5fdc6ca6bf804cb93a3cb9e1cb9b25ca8934b1fc39100126e33fe54afd0e233cc6952a01ca938cb3308eee035398b1d8859c9899f0ac2badf498d03bf32af75449972d750c98ece7b78910ec3d8fb6897253183f50264fe8197c410e204be5c3a63bfda2827f7517db33563ec7b9852caff00d4a3d2ff00f03b91240aa80f84ea22cae3797d728df71e5f6b326ccc38aee671415a66a375f13c23dea0c521d7ad5b40cc9b696b8f7b7f47948fdaeaf2d3f4c54bd7f8cf74fdcbe9a8c27b8941dfc7b9588b4acd731d6a24587a61a50adbab271e1f0c7a10901b072f95e5f82e5a992ed88596901db1066485d95dc3731a918810b1c0b95b52dd92c64db213923aa751370143dc70bdf5784a77f6b88a09e3431aff00bc4fd7feefa159611e04c21ea79ccdd16320a1deb4454f0290f9c121762cae0f1214257a2c6fa35408e992a2851e479e77c682cd97dacc04ac9cda207102f24378de521899e044bc3b9adfd427ff0004339406d5d8d971017b407f996a45703ed41781246caffba9ef96fe7e891445d090ea855825394b88803d582a7ce7ecb8d1b8aebc5cf04020e0d07e251cb765342074f0c6eec7be06c107103a0205641eea744f882aff002258f0b531136d654cd8050f223c7da17f07179065b2ddfdac568e1bf4c01da448caeffb7d595c4a3671abc1681a6d5efaaf8790ab404d6657f866c599cb7df718083d459ac5082074ec254a2659cd60409be2ca49652dc39166c1befe93a153f303ba080d55eb05cae8e473d0f1552ad07c03fb61f6af0313f136a293fa62ff00522fc03235553bc3ca11c89a7d043900cab18d77a17524f0abfcaed8835f64e7c112c9e8378bc2770088a86e04b413804a406ada422081f6208a5afd4e246bcca9a82eff001b02d52f7e961998fd3f84ef1361b135c420afa3e7e9ba0bfa133f017ed822703f9fc1aa930489e8a10f4569c6b9912e2b947baca0e54c4d8a1e78c6433e5e4604201a19625552ecc7a06258e4b1cb2102ea90286185d5fe885e523d7a3620aa9c92c12fc1ee3d4c81857ed9621cc7979cfb4f94027fa3d486cbe000e65543c4a87041b9612c93c46a56c0d3b604cc958bf93105df54aec82ae6e25097f26586810b6ac561c250dbe6867154a6073674c0727a2e91c7cc2d871361564b079fec80fddef441f477f4afa14bf16f83ab63259a9db0444a308ee55f4cbc45158fd847e4b2e06fd8a016f9ff00d4e3143b6e4bb9165d2e663ec4112d82069106c21f10562e7749011ad113fe182a9eee200dc03d8638c9359b364fc147b20683811c53e33345cdfc3ed1a20b97261f072a1e70f835e1cebcfab0aaa9d8c538644941593397455c0c0baed3728e051dc6bc5db6b7255704dadacb8376bb878957ec6b55f31dcb43c35570ce53b1252bdabc211e9f86940777b210c9815bb81c44178205fb256859a7c9064b5163739ad88b7f3ffc7da1943f52cc5d7ef7e1d9c552cb15c904d8e929388a7ff638804f11b6c587ce8bf1231d95643fdc8ee33a4ed2d81157fdc269e7473d421995254aaa27b654074a0b9296af9232914cb84cea4e466d33082d3044f6464b6929e290fb4a7015a227d59f856085cc216a391b834a9b8f68296c1c3f97a9082f2c63c4fa04af5a89293842ee157b456d2103df41b122531ed5d3028ab03dc5bc51dd471aeb075349705b57c307da1f5112df2aa7c1a32714482e970b7172f0c9d57dc01eefb962de55e6177321c259f242fd291e62f1eda5462dec5b88bb38c9156c60818216443fd536017e845fd4245e2df66817b5087d4b41f78e098985c5a285dc0e6f241a1ff0464128f2fc87d4044a8708a389d6f574c1f47594d89094332de5a89429a379a834b9f148d56a860fa57e8fdc1277d0fd0cff00c615f030a2dc600a255695d46cb9a973a929ed15f20d5b8bbd2e10b895dbe58aaa050570c4056b24ceda5890b05da751ed328e51933a882da34aa2815e26f1c01e29f547ce76d487f8587478894669dfc7c26704702259d3c9a31408e127e37d0be81f80b90f3ccc07ae76f5c89001cb29605c0a753017281ee7264522bab7694699400ddb487bdb47c33cc2dca33c723352087da3cad20a86602749f098a14aa60bf887ec36fb9639548f4b7b8bbd9d82a84c1ccba15d7e0c1f539590b0719b990aac7acea2981773604f33d585a3097300448733436a67c64ff49db040da4dbd02906ed2e67ed293a687f10bde0fda6ffb2681f1494b63a481adc6e5412aaf6242d5127242300c956823e09a5bc84d3cba32a3200a1eda67a655e33328cb5a18d33ea524c773bf64849d44d0ab298abcba5e18bea7796f429d994469227fe5d2fa57e90d6a09c3e8e94381a83d8a7454abe2ca2023748af47a20799131ef6e48ed83029b6ae62f6dff005c2d250abfe6f736a51484d25e502a29d93c04b36e1334264b9207255d601e598cbb1d3d246b9261e3c46bf05c0f24b53fe423b1693055ec7310afb51c450b250c51f27f19cd251d4ec2c0fcbb2974b8732283f824940fdb892c3d09d10d7ee66247ce0a6ee054904ac8e354cbd0894bf4610ab72ad4c21b9008568327b51ec371c4719370651679ce1f7235f497f4cc13b07be33a6b0f29c287c57941760e348b5a4a2ca81af4bddd141842b2be92066fba8ec98686d488d070c31d6a9c33468856a5483fce235cc6009950adad40984b7e2317c1847d2afcb7e632a5e12f89d4e67f02a98d6470e7d6e2e5cb2314b39fedd13364b676bc8441406a46db648206a8e09690d6c119d1a3713126555117b1481441aebfb2372c45011d0edf413bf340f9c8396a0a03e8b1e972e2fa797d1dfa5c5db4e03e57dc739a96fe07d2e05a816aa4be576ced937622f8ee772d2b10dbc83689e648652c4e2ca7e4c9035733892d2309878fc603798b6af720ed3e427953b92bfdc041872cfe358d6d34628223aff6b80297108b6b8272b7535f3e632703152afa17d3ddeb67d469f10d97327e108d7f6d91b3ecc113a4eb908a413882262615ae7430c65959b5cac182200c2bb460a80784e380607110d6e0d912e17b5314b8c69fbe53890352f4185fc47822aba1b34cbd4750ca2e2f7df02ca8aab7c72194e58774881c8388bbd1bea42cfa07e0db5f02d7e20d01a9d871bd5d6178005ff02962e2cb728402fa225a5b0aa8dc5c50995505648bedd1f14e5a144bd978abdcead09a22c4f01328aaf310b5ebc22f6a5ae9d1c8222a82a7d9639c629ee4ca72a20bb188cb3a64b6ec2030a9f43da042bb498726e3b6b965ac903147d4bbe8f9afabf247e7ef53da683b965d9884198df973db37924ac1cfdff2235c2a1e6e0c23c09cab826b2c71bbb33030b654ad11cd8944ba12f9547a7104df050997c8e221402230755d34bdb0d2cb450c656e1fe8820b6ecfbb4d01ba80db7b572bcc524432267ccadbce783a2609dc75e4aee02437622455550a978c39012d128de27e57517f43f9fa2402ad06d8d1bc00c052b7497f8499c972a4fa6677295be1c0a261951a51d47cc3472801aa4c02b98fe5840b8d5f159972d14302cbc2f8f30484f9c0000e2c339b135882cf2f539ce1bb3135dc61de0a0d587fce495b24bf988478c9b47043384cf6638122060a5b6df408114469fceca5352a429a15aaf2cc43ae578410c9b1990b6db463a25dbb688a3c40b5e60827c95fc57f466df2c69615eb6821db575b7f32ab95b00352a32c411611e6a044f3348182599200f84fd1f58a2dbd42b58bd093149222b2db0d3e25ccf52d7af11873b070ca11db426462dc08d0b64fe1021ec1da50a5e882885dc8c5daec4e3216baa449f9186e5f76c83a5b028eae8078663cd559a7f944a6af1a9c0907723a1a0c1bfb1460848494f67926803a9d88b4ebfa0d10c6afe6a44b97e972fd2fe2fc47e8d88013d2cf24425e6bab088627b049fce29d2e6f265e27749ee6828288fd4c17f1a39a58a519a33aa82650a72fa2250c426e1558e1905c029226eacb98ca32e7d7394d842d23414f4b89069e4dc750cbebf6c871c404e8a3abc28cb216b10d385c883e2a5403a5260c7639b0c154b21ded7129943dedd70250d594e7898514196c6100726bf01635bd4b59522f1c09311bc8e1d7cccc7e49f475ebedab14c66ccafc7f6267461af1ea311befbe02b986042d98a00fdaa19244a7be9324b6518c595470f2f955b395ed00c2007260742f44d732303ebd7bf81e612c256ccbca035e536bc010cbbf5f8f28763374bf9cbd1467bbcb14366b016ff12aa080210c8b9f6ebaae612b2976f0486b77fdcc3d7f31f4bf9b8f43e9b07efe5a43b684ec6791ce8c1d1ea1378065606b4093914099e5699b4589019ab95b4a0ca716d74424add2e506cc03682b3645a036431872134867cc38c6d19b56b114062aac42091a63583196a7825ef62ee8e842ad898ee2170664e577cab31277ce0836b226ac4cae2d758caba8f3f2c9d9ebed74cb972fe457ca3e853e03c101561dfbed184877cf1522263d69cbd0a833ba21ace40342ebb87dad1560da7e4a20277e222c0750f9e2285fb53826ee735f27da38b19581602c12fc0bda58346d7444d16dea8bdca0b4d9ae3a5f4e17a62d36385e2358ab197529be031776bc95d40870430f44281d6998113d3e48476ddd3892e8249c9e8bad4bf9151f86bea352bf9b6388cfd41097f8070902c764389fbe550e6588e29ac69642635bcd2683b5e257b54b2aefc22592fbb51f1c6f476f10c20e0ab2a73f4b8ec442a98068b9765b584c54b9ce670e06040a9427101209306e30c1eefc6a857b3f8a5105921895072de3978d65dbebae8e6a24f4b383ab8ec2fe4e01afe748c73647241cd7a12a2be1a95f500ddad141361b3c6c0be473300de3544fb4e4c7d0ee25c1523c620f969fb7e06546523608ac5c633e7912a5835ddee8fdc53c6c28bae7aeb18c02a966105dda45cabf980ad3351b4615808c4e112f514e5322018071a48d6315179951bfeab11b2d31703e320d43d56418e00c299e91f36a7280661ad800b296082d533c5bc4a5c674f62ac3051109570bdb4bf9a71b26b7434035d203c88477161c9f5a7dec79111b47b06d8756531cef215ca8735de1357d6415ad124d8addceafa172629b453f64fead4b14b65e3e0ee24092d04010a84737acaebe3872c565061392027b9aaf1088560bc691abd166986d0e556420101d973f35394b112d2d91685cdd08a72f121c0810bfc220d56303429dac0578cb113cc33957d4a630053f7c09bd5d81dcc4b66b89695c982b11b8a44cbe48bf400db0384503ce044413e4ebe91a5e4e49e2c218c21532b5e18f82b209860b2824c79250759809a80e6910797010caddb49710659547a83ad25c20c31f1d56ac8015e4484ba92e97e7f532c43812b5c2987a8a5f2e188ae8574e65a10503a90a384077bdb293f21061f3dcb6c0c71778c356273054d66631296a6eb772f6eed6e98c7f2b9388bb97220b17aef2e52a664c19500c8781410c534f5c6d96e19cc29ef2b9cfea6b2fe8232c70183585a70371467129a0975c5696cbc1a0f7c593eb9b004291c8c10d6e9be7c569bbaff642e1e2d09676348289023838c1a0558c79e17b75c5b1b44d628f4f082b8d2de65b6e60cd022351a4b40112fe4cbf5663512437a21ac90a6851511ac2c40e9443c310f9d40558555809004e4d16c58e1d3772704a19048a0d83b9950d28ca47c42230b4ad20de898e812457e6080296a0d698ff0010028f3a73bbb2ea0364c15ecc31653ab7f6b2d2566ce763e264213751b5d0a48c20558aa9451f8481f60511c167244e9847df98fa3494f5361c9284a435f13771653c178772bd756cd95024e006015640ecdd75527a11c8eb4f90c562124e61b5bc84ba5b0c99199a01a65c1e52f984475539101557640545cc548a69c96c00990d86a1251f1a8f4a7446a4798e8837b20e2257e5fd9e48607f440b0550522fa7ec10a95e5c8c2211e28604832359be32ddb2cc2a8b943f625c2c2c70ce34cfe8e57b38788d2deee88f40172c7e108ac2d288293b8f6c51195d88d7abe4e16b92d0bdd7895451632dae5646ec131d13b91106ea5a1fe680845e4bc4a8f0c44a64f70243bd3a129c8712efddf51c6b8b3df980d6a00f4ff62747c4cc5eb2040f291a70353d13c773386994b5cbcd8ecf5128963b1d31b77e9483d7e81708edff00d41837b7d8a24033af5d6b3676215925e896aa50a6db705bda19282d03cab261644756b6163812ee56bd70c9e46f88085dc0179600f72d30c0e90bd76589b0540fcae586e02c87e65eda90a7f19659d0c3db7a21f8a12cb260a251100c4b864e03f29b8c309b2d105dc44c2e50ec18d9223264e1f1204d5242c3ff00847d8df5ff00d541af5a8d0e247639440ddacc3b4a20d9ae07ad665bf59ea7b94ee35927932e33a81ad4c41a036c2f66ee2a1fcc086eb39da6a69581588eba42267715798e8959029b06e904b6cc8c5ea530b199fdeba94374d142f57321a9693571c686ea525fff00d79c075f153d94c9e2000a3ec69eec5f0ff0f0dd8187af02c3a8409454915045910a33838e4c7bb5d1c6e4100ba6306c7180f1d44b4469c112ddad000443c2c3aa251584e3ff00380235b56d0096ab8937e264b7db29c8c593a632ecb9b58ade18c526fc0b492b28489770bb7d545f789a09c13fc90920981d590e3990f8a9abd3ec8e6772fd5b766c9a6e939e67754f61867ff30c51789af6f0afac829f948569aa1e0c5de27968e8c358216b03dbe61c87c9c73d45ad33163d838ee07a41192c8e3b128c21d764b672bdc6368b130b2cff00c020b70d45819695b635958170177ab205c89a05950c0dc0d17c99f8bf81d102e6ade67d8c5bff00819e565f0389a071c438c0b3129b94e92d6892ae4045f7758306fa23fc8480129a4a9bdc95167532354158212445ad500733fbaf45180b0d3efe206fc4286617eba544a86648d0565d3f702e0182cdf520ae82de794d99871afb4a2ed475739a10a89a7e72ff0094a521da98acba8ccb6d854ea06cf4b817d5f98c48e69324e73bec57e988ae204977bf8f8135109f877985b408659e768c21725be6a61bba84aa350b8d22993c5c1f6a291dd62a2cb18d257d88be4626594cf56d412f65f106acc9743294c543fc189814a5cb091a6499d1aae6207ddba3da32bf4a869304c35ba792520178a80841121520082554065e5806ec86b3d99b236c75180236bdfd720a0bba9701334f3e25a82fc5692108280a0fb23839443c897a9c95f0afc16d90a69ac92b8a8ee4d031ee88673cf300b3931a4def3b073592a5abf64852be864121afa03989148ffd107d747f24bac59677344d1cb081b2d4708e6392ea6dc8f310f155bd65ba596db476971bd43b530def2f4e3e27607188ca8da0518578831559d51d0f97961148b43b7241890462545d63da11e8c51df010fb03ebccd3070a7fc515efcf12fd0818ae3155e964a01bc372e5f1428832394cee8c43440c1b4ab1df50f63b2124335ff0979cb30b7f5cc206a93407446d170aade6f5402581273dfe23180e45beee65972e0869c53146c82604825a97c189541d037f306a4ad070834a3460a6a2359748f312c81574f1249309eb3ec2d8a1798aba2222978b880a0051f2dfab49ce878840693c84e49c3f83102c6cf444272c87301b9af1e088b055629a94ba8a023c903bb7f4c618a02df94bd0d81864a50ae049331c39ebda323041c50891d3ab870e29c5d918d05355f2c147df915599740dbcc721cecbfc4968a5c3052e980b0e48c738fb2e3960791d443a1923a8d22a38f7cb2809e3a547dbd7587846468280f9fcfcf7d57f11627c792580b7d0656b4f7750e70714c64310da3cc5a2dd6efcfa239fdb0f21e18890dccff9e43f33cf1108a62c8586216fc49718a32540fc4531cc890f5328ad8fd988d3208d07981242b6f6ab6c7e80ed24486e18c5b2ff00741b312fb1541088e9639210956b31742db12b89409358cabc9c103471ff0070f8802f5a00f86bd2fe0b972fe96a3f0d42ab79703d59508c0aa579f24ae94d3e58439299c5a08b70c45b042200733a1c47093bd07be1195ece197c2486cd8d52fc0445852d9a9e597abb67ba696401745efc2e26a03e06992a50ad3a8b9648e332dc2593612a8d8d15a5f988e37e11aa9c4b799ab7cb26c0bf58886ae3040b908bc6d6cec8ad5b042c72a8b41c937723ebdf86a57a73e8c6f2fe82305a741e3e09b5353c62627acc776946206e6554d89a22d968c79e4eebf0cdde328eeee3a89edbf9e235ded799b1d1d14339a4904bd9c37429309b21a6b9659a66cb93cb1af1d8890dc43d194ab3f50372495f42163d90d10935fc6fc43d003d131c102b21f8308854d84b5445ad57b91908afe34ed0bd1eafad7c57f09f575e65f05b1a496e16ba32c82e18064a27dc1d1fcc3be3437c20828555f4031dead76c5c64a836db9637551b636bf10c4ac27630dc85d3beacb056888a8fc4b366638a0ae08ecc52508daa273a2c77348675d9aa91ef0704ebe3e1c57ad95b2b577498b978feccf0549579260fa1022be47e7e51f2abe7f533f4f6587e2acc18af13d68654a68b08e19c1c0f1d2a33f82232a98753736082b68a2820547100113d102343ca255dd0732c9ba575123c162f5c1cfa59a0f86a54afb8a5c787cfc1962cddfd8936a86963fc2002dcf0194dcae38757d25689ee22cc21344c259054584f1176b43cb80954505bfc8648bd7be5a6bf2e141f29254afacafa42e8ee8a5db7bb22d500a5184846b862e98a7e6d1870a456287ffbd96df90e88f000500507cfaf9873f32beaab3f475f154e7fe1552befceff00e971ff00a88c2a04822e4eb4d0b6fa6faabf4759e25fe6e93d1eef81b85787afa973f61ba2f61527935acd23bcb66691d501971524a121eafc35e383099f4e2eedeb41c21a2ded2003cb2e0fbda4579a3337fbdb0f0708414ddb1c85d62e37309e2f23d7f525fea3afbe87640e4a1eb876b9bb3ea72a75ca1c9e13b262f7b9723d15feb3a3ef8c3305ccfc5b8a223ef50901d814a9960886e330b81158352ff59d1f7c659e8962406678ec707b263c1e0b586e46a76b4d14916feb12e553fde75f7c60b5a30f20fa09192cf6e6407baef613aa469657939c2de19fb5fd2fbe2c57ce10435e0f51853a8ea4a59f32810c4d503817caefef83fe904adf9e4e59ef6d8286b0423a5f5000810291e48d73796fce710a46e8a6a233bfd1fdf1b7669a81c5793c491168283d2fd6c5fdb5660816d5dabef6bbae8ce1172989faf685cf232ea27688d6b01aac884b2213222e07c115d9e89a4da930c3aa621dcb416349454931c8946112d871ebcc7eec8c2915f7a6968953a6488eceed47932a901c967329305b3104d343ed3dc08960d9608b370cba13986d1b51899af5e4fe11f1c4620b81c309fb6b7f3424bd522b57054bcee2e7fc120e1422b8144ce60d74ee8b421045778e97ace6d61d4f223c885014a6a5906bdcdac8915005043224c1dc4ab5fa9bfb357c87e99f917ff05afb1d7d166ffb71ffda000c03010002000300000010f3cf3cf3cf3cf3cf3cf3cf3cf3cf3cf3cf3cf3cf3cf3cf3cf3cf3cf3cf3cf3cf3cf3cf3cf3cf3cf3cf3cf3cf3cf3cf3cf3cb38f3cf3cf3cf3cf3cf3cf3cf38f3cf3cf3cf3cf3cf3cf3cf3cf3cf3cf3cf3cf3cf3cf3cf3cf3cf3cf3cf3c73cf3cf3cf3cf3cf3cf3cf3cf3cf3cf3cf3cf3cf3cf3cf3cf3cf3cf3cf14f3cf3cf34f3cf3cf3cf3cf3cf3cf3cf3cd3cd3cc3c53ce3cf3cf3cf3cf3cf3cf3cf3cf3cf3cf3cf3cf3042cf18228f3cf3cf3cf3cf3c33cf3cf3cf3cf3cf3cf3cf3cf3c310827e3ad3ce28430f3cf3cf3cf3cf3cf3cf3cf3cf3cf3cf3cf1450435813cd082411a853cf3cf3cf3cf3cf3cf3cf3cf3cf3cf3c614d90d18698b10835cacf3cf3cf3cf3cf3cf3cf3cf3cf3cf3cf00f2ca3c7159a3a2f1182b4f3cf3cf3cf3ce3cf3cf3cf3cf3cf3c43cf00b39646432b6ad99c3cf3cf3cf3cf3cd3cf3cf3cf3cf3cf1873c6149b9c06b2fd78290f3cf3cf3cf3cf3cf3cf3cf3cf3cf3c31cf2822f20e5a2d2a019334f3cf3cf3cf3cf3cf3cf3cf3cf3cf2cebca10d1cf3cf3ce3c374d3cf3cf3cf3c73cf1cf38f3cf3cf3cf36f2c118638f3ca2422c394f3cf3cf3cf3cf3cf3cf3cf3cf3cf2c53cf28faa01ae28511e04f3cf3cf3cf3cf3cc3cf3cf3cf3cf3cf1e73cf3cdce320904b6913cf3cf3cf3cf3cd3cf3cf38f3cf3cf28d94e30702d54302c2a73cf3cf3cf3cf3883cf3cf3cf3cf3cf2cb0cc82120b02f0a97a57cf3cf3cf3cf1c72cf71f3cf3cf3cf20e2011d23428e923598090e3cf3cf3c72cf35f7d37cf3cf3ce3ea262ca44cd00d099d3f62a8cc34c3873de7df7dff00df3cf3cf0c32c70471831068c23664365863cf34fbff00fdff00df7d07cf3cf3cf3cf34f3063c21b0873e3756346c33fff00ff00c634f38f0cf3cf3cf3cf3cd3c014f105f3f92ee61b5f1a059f41d3c33cf3cf3cf3cf3cf3cf10b269a8120baa914643b6d2a41185b4f3cf2cf3cf3cf3cf3cf3cb1403056c520ea660056214730990cf3cf3cf3cf3cf3cf3cf3cf3c88e494f05f20634931ba2d3cf00f3cf3cf3cf3cf3cf3cf3cf3cf2c72c1a8b9840c67432eafaf3ce3cf3cf3cf3cf3cf3cf3cf3cf3ce0dfd4d6ec645246d93552f480cf3cf3cf3cf3cf3cf3cf3cf3cb3df7f644a9792499835c814baa53cf3cf3cf3cf3cf3cf3cf3cb3d3ead0dd08ac6d2c65851c80a73cf3cf3c738f3cf3cf3cf3cf10f7f768504f1ee6f6a0ca8c0cd7ff00ff0073c31cf3cf3cf3cf3cb3cf0cb38638428f248ace2862c128dfff00ff0057db7cf30f3cf3cb3cf3cf3cf3cf1ca04913751b1cf2c338c3cf3cf7df7ff7cf3cf3cd1cf3cf3cf3cf3cf2c30471cf3cf3cf3ca3cf38f7cffcf3cf3cf3cf3cf3cf3cf3cf3cf3cf3cf3cf3cf3cf3cf3ce3cf2c33cf3cf3cf3cf3cf3cf3cf3cf3cf3cf3cf3cf3cf3cf3cf3cf3cf3cf3cb3cf3cf3cf3cf3cf3cf3cf3cf3cf3cf3cf3cf3cf3cf3cf3cf3cf3cf3cf3cf3cf3cf3cf3c118614d3cf3cf3cf3cf3cf3cf2cf3cf3cf3cf3cf3cf3cf3cf3cf1e1ecc20f3cf3cf3cf3cf3cf3cf3cf3cf3cf3cf3cf3cf3cf3cf3c50091bb3cf3cf3cf3cf3cf3cf3cf3cf3cf3cf3cf3cf3cf3cf3cf1470ccd453cf3cf3cf3cf3cf3cf3cf3cf3cf3cf3cf3cf3cf3cf2c30ce2cd3cf3cf3cf3cf3cf3cf3cf3cf3cf3cf3cf3cf3cf3cf3cb3cf1461cd3cf3cf3cf3cf3cf3cf3cf3cf3cf3cf3cf1cf3cf3cf2c31c90c73cd3cf3cf3cf3cf3cf24f3cf28f3cf3cf3cf3cf3cf3cf3cf3cf34f3cf3cf3cf3cd3cf3cf3cf3cf3cf3cf3cf3cf3cf3cf3cf3cf3cf3cf3cf3cf3cf3cf3cf3cf3cf3cf3cf3cf3cf3cf3cf3cf3cf3cf3cf3cf3cf3cf3cf3cf3cf3cf3fffc4001c1100010305000000000000000000000000010011702130608090ffda0008010301013f10d8f289490000102c3f3ec0840205080028536583317fffc4001b11000202030100000000000000000000000111506000408090ffda0008010201013f10e25020851a3040622d620044807678601009c00302000810447000000a221b52abf176e15334d500805e1e82215003ffc4002a100001020602010303050000000000000001115000102030314021604151617071808190a1b1c1f1ffda0008010100013f10f9273e8ebfd017fcabde7bbd35fdde6fb7cd9a42f2b8cec737782749d90e1e208f6ea11d28a931be0768e098e3ce3675054e0374ce876372b4f9b466b0ab534abbff00df4a73138c6e2a5652f7ecc74247a40a25ea4d6b4acb5ef97c1eadd21539bc6733592b3ea57fc4dab4c4d144623f11c1e79ffe5d3efb426396ff00d67baedd686d521e287c6ae16ed245fe34bc1fbe7f96f688b9269db7abfdb876aefa0234c5f2ec2de00fcceac7acca626aa1f23e7b926b91d0dbb4726eff002672b2a4c1e75d33581ad7ebd973a957c5183d12b9c19af0f2ae7f247a9de7b2dff21c47b751efcf6bbc595efebad55c30bef29441350c9f6b73ee8c06dfcc29fdba8d431f3f9a679f975f5caa2d5f09765ebff41f8528e2dbe8f7388723ef3589c179080d8bfc1729ae705b7a1717685efe941ffe5deb7dcc807dd7fc3b49f833a0b6534c9c45dcb799fdb4a3549faa7e25eed9479254a7bdfc4d8bd4c4b3bfa5167418fc5c46c13ed75b3b1dd926ff00beedf967eeed9adefcdbe1ca97d3692f9f59fb643d77ea5baa12518af4f5d034a46705a7fa9776ae3f1a313ec91ee9349ccfdec967252e89c742f6da7ba666cf3d8def77a26d9a8dc628dd5e943180d156d65e52f7996f1b8be1d9c581fcdac39fe77fa4ea7cdf5ed3c6df1f13d6c4c64cac057d70bbc4eff7e86b889c58f858a15e27d719e65aac36bbcf0a0092eb9b797fa4cc9faa68b644f05dd0f39bfc732dd42e6653aa1218d582ab47be1144805ffcaf8a74340df7f3dae4776f5a5873fdb69d19de97a32273637497a2527d7ce01e62309ba255f9493f7ff2b5a66562bf83fdb033d62cab89bb23ec9739ff007443b7058189d861d732d536b38fc09c1818430436028ca02bc5cbff00f2daea15aef7bbf9659fb37b7d7fee7131de8df3c564fee7dc32dd5ffdbfd01d73f7f2ff00baf61bbd3c4ce178ad44a95bdc646fd811cdafd764f8ff00720dff00f430dbd416dfdf5b502efa2ff0bded2bd09f697eeabffd37f445f0a0a3f8ef54c8aa4ad805487ff67ea125f00bf5ca5bf0525bf761be5f1fc879bf7f89bd34d2c231a5147119052d4a142d72bfde3111eede9ddd1d8957521516612f779bab5aecfddf29e3b8e91cc49abd980bb3681361e38376e001f8f169bacce88acfa62ab38b24ee197ddcabc98caff167ccb7b7ad35b9b4f1923f6b6feb019ebb02fa4c5825538af6715f62bd4debdaff007be73bc708f1fb6f28e6e1a7cf349e6e6f602d9e4116b65a90f99fb03eb609f3265f1af663ddcc692f6d7f0ed3ae4addfea3f7b3a68f356ea8af686a55214fdfb3ef7c2cae111642348fca269b85cf7530bbfefbdbf9a1ca445ebe6f21f6fbd0ba3f29f30ffe1ee2f2527ad1af1ccf8793771873180bd33dea9f2f7b896bbea14fadf697ced3e679dea988c8d1b5dce07e67cec474fd2cb224de4a2e26adf59b0f9b0a4f6b29a1f1777951f47b021fe0fece3103778af41eb92fff005fa3fc7150dfb149a7f2de77ac55b17bf5e8aff51d3b3787e514bdd4de393ff4bf3a53699cab741f3df6bda3d165c260c647ad698dfd45baefb91bdb10ce2174e7f16df01aefcc9ff136cef3bc1ba89de2832daf20320196b4dcebf18ab74b0715be8011f62f3ddf263d277f08afce236b14d4b62b98dcf47fce90daee6c1e77629733d0c0f95a2f970b8fa70b408b169af58c6ceecab69fad36e12ebf05df6b53c892ff006b66a866caff00814d5a5cb275ecee1a22f0302a926b80e55c55e73ff96731facdf84fc4d97b76f26db93f616be17660951da3bf0f433e6a7dcbeef7cfcd8d0683a270dd6a4cbcb7a20e38e5eae52e0f0c5181b5815c1a479ebf7c352b5ca883f45f5a087bf6f97b67f28982e7e6fa9b2037906ade6dba8bf2b8d6e547d7ff0076cfdf235cdb84666125b4e5f81b32d351e6bcaf45da75c5fbba7ef755e84f76b1b79a5444da698325527c78ca16ef31b14bb43c754bfdb8b57fcb993ff0d74e0387be09ba2fbd3e78c9f36aced0951b66245f60acbf21e531e8457707c05b75554e33c7f7b285dede42f35f7897cc3e667398688207ba06615f71d22b597f8e081b64371b93f688927db53bf7723ffb5bcf2a97f7db7f23f90f2da0ddbd21b5af4ef385fc33ca7dc598fefdbd49b3f3736eeacbd7c10cdf92c8fbc3a8357b91f05abf0fa3586bbe6ac4dec751ff0002fdfc0cc97d4038fc1fab3aed97deb7bf4fbb3dd91327ad4f836c56feedc5e98e50ac16ff00f06eb8cea3dc67f75df6a164c7797de1652eebc0c5e9de375edd3987db1802f34daba63df6eb69e2c7217d292464517bcc0393ff00855ffe966f47a0dfbbff006da813c6a1bd5db7c5660afb3abf3dea7e6ecf7ecca178559c73889346b9e322bc58a870b89d63799157f3afa9a8cde1d2e44059a5ff00efeb76b46eb79ecb6d96ba7cadd797b4cf9eeff8b45dab46037d1d73bbb2ff00f828fbe63cfaaa97fbc0e17cef93703ffce9f48abff192c7ad5cb8fbeba12acb670f387f90c4e2d9d7e691a0ac7e77373b2f6d5eb9bb82e340bb01e6b7517ead99c3bebcc07c15bffcdbe4ff00ca92398eeb48a41917e2ff00b30bd63545ccfb7781b92bc06d9a79edf1126b72c3a557bba976ec68edf99cdefe779a6cf05ff6b09c6f69a735e2d710fdb74bf1cbf7f6b97d95bc3edbde38bfe13ce6b6ea17b55e7a77171aee339554d47af373be39e8ad4f13d02985ec74ff001799a9034dbe1563add5eeea0fe00f3fee16eec337c9323dfad00fd2ded7b7b1bfee64cece6403f6291b8ad2cafa5d3221b383fe8613e9ee35dffcce5fc4b69a97947c5ef6a932b896313fed4e3ad5c19e7ffe9b877ffd5ffbeaff0060f05a943cdbc7516476bae8c63ad2f5499c41f37fa9d77e7776ee6c3e26f05fa167eb5e4d6efc181ff6308ab6dff34bdfd5c2d89e7d6e0e57d109fd34f1614e65ed96bebb3d28cdf1e9fcd6a7ae36ac7697e35ac0587c857ebfb5abebf60893827fafc95ff54306ead3ca68d31923d923cb2fdeff0029b3d9ff00d933eff6f9af07e25fb2fe4afcc590f616eea0ed675bfc7386bf8adf6fde2376999524734fd239aefc909a39fc2b940aa480115066fd96ccb5f900c9f03029e75e8dcd0f8cfe8396379ed786f431e0ce178cd89df4005cba5649ac7acad6a6bef6ea9b370aedf5bf88692a59f03f18ade7b6b09f1bc102a0be2d1dac28d3472f3f4647ce1d2d1ff1de6cbc9f8cdefa25f7787dfe4df0efddcfb0daf5e732c7dbd79ffdbfdb151f0b9af4fb0ed3fb5f9edd4d9f34f482eee1acf832ec32cbb26777d53d294b78a73cfc07a3997174e7aed8729774c82ffbc7aedf31c3367dbcb533a81e16fddeb3b539f497ed9f944941e5ff0070adceeec7ad2ad3679f4da2ed5ee36743413d383dbbff00fbbe6121dffeb746cbe6f6e7ff00fd672ebc1050fcce79d78677b3366ffe3cddc7e78efafbd7db2ad03fbb2ef7f511bf61ba20cdfe5f956d64e6fb0d1dd99ae2f37fdfefff00b3ee18e60ecff6fd68be7da78c5a0bcfb8b7f51ffde38d9edfdc0f97ef671ebb6ab81dc84f2b835dbbfd3f99cf5f3671e38cdd1e8cf177be7a96f9efc2d45971ba5fed8cc6029f34b6ade80eb5df6e275dd93d3da7ed7044ed846502bef91e28a67387d347e876cf47bfb6bbf967bcbcf57b9c35f8fecf1f9bfd6b93703bde5dbe8bfd53e086bb55ec89107d8333f59a104ec3e1a445021ffc2ddef6460b4b5bff00fc53ef96a5a6745fe0937da02f3ff4bcae96beb393e2bddfd8cfb56b527e9bb3b375745ae03ba68bb57d237dbe0ab4e1f1e2f8e1119f3ded755d243f5889a5afee9e4d725a7e7f2adfeac76214e775d53faaafb975dd665b73df79dc9f08b1f4c8349039b7f570839e348f16acf034c9caf1fb6d2ddcc385dafa94f57e40067d9f26f66359b9bf76ccbba6deaff65bd4a4ac4e57fb769d9d577fdb8c72a9d6cd7f98cdcbdbc3e78ac5fd7ca43afe4f64c40fd75819958cb36efacb4b995e8521cf2fdecf7ffc296752ff00f51d68cbfd7c1ca6b36df7c6bff71a7efedbdc7df6facf0dade8a9fb9e439fe07a2e1074198119216bc30ef592863b7a47b95fdbbb169abf6d97a446d3a7cfa0cf3baddbadab5def90b9e7d267fb06973ac9ccf3ee17d747d3e3d5a8d79568399b48be94b11e6fcb66f8e57efa198bae402905ca0badfcd7b79a3f8f08fe88b3ce25bfe9561fcfbf7bff00e30e3f71053aa4daf43fde735fd64adfb9e959fcc79dca7dea9ddde6ecef0e636a433bf2cadf54eabfee95781f0ff9eda21bb512e3236efc99f70df346d1b0ea3e4e71ad3571f7f7af0bbdaffd414d1b26ef79fd3e5be5f681d5e77ddb6b7e1d82ddfbcf3ff28ed911566f62dfff00eab5917d06379b06752df858b5ad9955ff004b80251b90febf117459cff99b7fda52f9a135bb5e3f04ddfa4b37d7479b7ed4076c762bd7b962dbd9b4e99dcfe5675e4cfecacefabde0ba928e7fcff8b95737a4995176f7b6fc4f63ea50d7a7a73fb9623319b4c52e665d5415deb156bfff000d526c7b99afb27e6f453be852621770e5dcd5d8d2ebff00517d9ce6592ae6fe55bc7e78cedf586230f2db124584ce4ecfaffb45dd25360bdf757fde6d0fb5195555d29972acdaf3e5bbd4afc8d364a2718419bb35d905fd53f77d7fd7d3c34fd9f8dfb9a7933ccbfdce777c1a0beb85eefaa4c74bb97fe658fbd8cdcfd7b47e8b58c99cd78aed260fb1f0d1b4f4bcc9f7c4e1067a30dbdf52707fa36e5b8653849a94fabcf3e9fcb91dc0631dfe30af1df3ee734de2977e2f45187ef67ca1d677747f13cd6375cea7729f7662b72cb96f7e53b66ff7116233ea310a6f32b9312b54affecc73d9490ba6d73b2398b6c495df4eaba1d181cced1b5080edd446ed8debba6ff08feb565fb1f726d1b77d326ff3f3322052763bdbc3e4e261b7c975f9dd61489ebf9bf2bdf8b97836eec7177777ff0073bcfe6a2e723f7c0fbde4439da38d7444f4f1adbd791df6199f955b582eaef9cc5bfd7f1033e260773835e6917ff4e67722be9f26e8ff00df6677c85931576b199d5c9ff440e7adcff93e7beae48f66d55853698d33a3fbbfab3edf7ddf09f09b6bfbc1af8aa7eccb42f76bd53d0a3ca2c85c7f1496633f3d405257f020f403d1a39827ccfeadb75fde5fb9cbebc949d18c5a09bdfc9f47aa5b57b69938f372844aabe53156cc008978de605fc2d59d03f4bd20cbec4dfd36c4ad64b8cc213f57e8aaeba3dd8a5fd2ddcfb315b36e76e8db5ccea58213d1987c36478cb718b9f2c9b98c93e3a0153e886170f00197b59bbede3a1f44a3375615eeb8be6f3cf3fb98304164a29f8194ce9846c3fbf1f25f089573375b5cf70f40581c8343197efb3fdbe0327105b9feb57bf49ed86ab3f3be65f74c715e1a2cb419efa46539dfbabdbdbdeddfc983d4f0be5a5d7f6407de825ea41f678fcdd70178e030e521c044acfa57d880283e932d9bb89c18f65aa4e6d9b0e78443bad053393406660d920e24bcb89679054d1bb16ee674f614cfa2669f5ce7ff003243773758cf7fc061e3da5abea79aee7f436bd67b3a533494cf859ff060fcac12f8d2c86fd7f237e3db3e5cffd9);
INSERT INTO `serie` (`id_serie`, `titulo`, `anio_inicio`, `sinopsis`, `id_genero`, `imagen`, `img`) VALUES
(123, 'lost', 2019, 'perdidos', 2, 'D:\\Desktop\\img\\74515035_173931977093337_3821611069042851840_n.jpg', 0xffd8ffe2021c4943435f50524f46494c450001010000020c6c636d73021000006d6e74725247422058595a2007dc00010019000300290039616373704150504c0000000000000000000000000000000000000000000000000000f6d6000100000000d32d6c636d7300000000000000000000000000000000000000000000000000000000000000000000000000000000000000000000000a64657363000000fc0000005e637072740000015c0000000b777470740000016800000014626b70740000017c000000147258595a00000190000000146758595a000001a4000000146258595a000001b80000001472545243000001cc0000004067545243000001cc0000004062545243000001cc0000004064657363000000000000000363320000000000000000000000000000000000000000000000000000000000000000000000000000000000000000000000000000000000000000000000000000000000000000000000000000000000000000000074657874000000004642000058595a20000000000000f6d6000100000000d32d58595a20000000000000031600000333000002a458595a200000000000006fa2000038f50000039058595a2000000000000062990000b785000018da58595a2000000000000024a000000f840000b6cf63757276000000000000001a000000cb01c903630592086b0bf6103f15511b3421f1299032183b92460551775ded6b707a0589b19a7cac69bf7dd3c3e930ffffffe000104a46494600010100000100010000ffed003650686f746f73686f7020332e30003842494d04040000000000191c0267001463477166426c7a5756795146584e6c6930556a4500ffdb0043000303030303030404040405050505050707060607070b08090809080b110b0c0b0b0c0b110f120f0e0f120f1b151313151b1f1a191a1f26222226302d303e3e54ffdb0043010303030303030404040405050505050707060607070b08090809080b110b0c0b0b0c0b110f120f0e0f120f1b151313151b1f1a191a1f26222226302d303e3e54ffc20011080305022803012200021101031101ffc4001d000100010501010100000000000000000000060203040507080109ffc4001801010101010100000000000000000000000002030104ffda000c03010002100310000001f548000000000000000000000000000000000000000000000000000000000000000000000000000000000000000000000000000000000000000000000000000000000000000000000000000000000000000000000000000000000000000000000000000000000000000000000000000000000000000000000000000000000000000000000000000000000000000000000000000000000000000000000000000000000000000000000000000003e0d444747b73a5800000000000000000000000000000000000000000000000149cb647078393ddfcb600755ab4db72a7cfa000000000000000000000000000000000000000008be87cce7a0aff00c911bfd94326043621d6b1e503e855649abd4cb1488d131a8e6d26d9430e88e1bd90ce0000000000000000000000000000000000000166d9a98274cd6711e9958cb85772f29f1f542900540a317369389763bd70a96ae839d1d14000000000000000000000000000000b65c7947d266ee9ab567997b7c465c486fe0eca57f2add74ac0000000061eaf2b5559e04eb9fcfe74c1f28f50e759d7a0663c6fb2692000000000000000000000000000021f30d09e66ed1c53171af57f1cdbf59da75f0fd8624b6323d0cae58f90b7a2f149529a8188557f53b03216c54b36ca2d6469a5178674fe6646e1785ea7c6ac742a6af4480000000000000000000000000000a6a1e6be47eb8e3f8d4dbaef8ffa7e93d4e35ad98cb67b2c7b94c853f295dbb98b2d2e2c061a74de93cee60636c791e654f607cd22b79c12eda9755cee39dc8d7724ebbcd69e57f42f20f62637241b400000000029a800000000000000000001afe2bddbcd3287c73ae31d243d5ade4e99ece9a9a3efd0a396f558e4a15b7dd48cc4d0ef3534e2777bbe32763ce7a471ce24d23da598d38af49d7c0d3379af2a9b6885f6dd66c8fa0000000000000000000000000000000b7ce73f3488db93e2e3521d9d969393958f7a9700028ac53acda8b285ea13f75b9b3d8af9afd95ae361936b1a997ca659cc1397d1e37d32aae8000000000000000000000000000000391eafa34519c865da0da76b269a3ef2af5eb7f4ac0000a5f0d2f2deb39b2c7cdaa9a63e366c5f365fca2dcae604874fa24799a8dbd0000000000000000000000000000000047a43c025d1f0f13772de3270b46e2e696d71b5c3e1bdb38836b6edca6be6fb6f274bd172df12fb5c8c4e79f6d6525e6781e7aa742c5e8da296bbb1ee7cf52f434231ba56d317e8628000000000000000000000000000000070bee9a523d39e29b69746d3c7b7f9b5bcc3a5f9ee6bbf68f6fbcda607ccac62cd7a3f4535e09530198eee398d45fa9c4fa054f3bd6f65e1aac7e81bfea7a4ee3ca1bd98cd493a7f3be89b67589a000000000000000000000000000000000a794759831ac90c67778ae727ea89af3b7a7781c34f5dbcd587a4f59f3c647a633ae4d87e80a2a61fa99e486ab97f27f52e865e3fdcfa8b1e5cbfb8e2c9b69b19bf3ed0000000000000000000000000000000000059bc3cedbcecfe6b99ec7678c7a378d153b6de72b9ee174fd62a3b0c9b7194cfbaaf9d36b533e9af0af8ecf76fcc7a24f58397ccc91e16f3a96d9fcb84e80000000000000000000000000000000000008ec8ad1cb237169c4cc0f6f1298e75d2f3f93cb3a995de2b0fe3d4b6fce556d9fa0b0bcf11e9ae91aec7e833503f48413a7d3205000000000000000000000000000000000000063967916175aa98565cd58d44f6321fa68a39d1aa395457b1d99af3d76aa67b530ae7dde2286af6b938535b0cd80f42a9d8b9af4ad000000000000000000000000000000000000a4aa15328d27ce5df2cee3366ec18d557ee47b646dbed15d2de366fc3071b2f1658d96cd953abdd6153cddd8f98cf33acfe811195ed37400000000000000000000000000000000014d356913bba702f18d9d6ef2ace0e4c725ca673c1a7d9bb3ed60192746a63ea6ffe6066e8a6e63eacdde8b275a9f3aceba1700c6bd4f9b0bcdd527ab9ef44e8000000000000000000000000000000002d72a9af0cacfb8ec2c64e3a645bbf13d273f856c20d9d7749f472474ab5b9973ad3e6ec6be2de654a53859f6c8f5324c59607369d5aceb88f6ec9da54f3de9f178be8ea5731ef15000000000000000000000000000000029834bf5e9cebd633156a3d278c1cbf1efc871a6dbe7dcea59b1c0cff0056755cb7700005bb96cd3e4e6e34aec7a3bc865db37ba6ce24377590fd27a4551d91280000000000000000000000000000023d46f89a6ed17156712fc64e2dd3f97f56c6a596f5bb7a9bd9b6b2347daacde00029a7e8c1d767e96557963d5fe49977d94738d81319179d3a0d363d3f597aa73c2800000000000000000000000000147dd098799c9268ce737a271c6937e65b3f354a77e89f35fa533a957dc6c4da7694e26494dca45c031ee6a4d851854993adb7a996d3877a2f2e9e5e6ef0b17508377587e9362e72fed973241cd000000000000000000000000000343cf261024f5758da1a7d6ec76a73fc69ce9e6b96cd782756c6a51bab76b49de6ee1d26a6cd8bf2997894d9311b0ca30add11496e32f9df412fc6b670ba9dfc6f2af1348ad3ac253b1cad972b314d5d0000000000000000000000000007248df78d54bcd7d02510137f8fcbba11873bb528a9c0cbdeeca6a1b5cbd3de7524c98039d26a84e4d25d8fa5f85cc2d7d82b81e86699bad57958ba2314e6efaa629ca3d25c6b95cc753d46350f4342327734978a0000000000000000000000000003172871f984c0723d9f49a0846df334c992666166a87c303cc1e8dd1d6700d1ed6459d2279778c6d3e7caaa69ebb8db19d2ddbab446c71a37a13afd35294c7a46395f52a800000000000000000000000000000000a6ab6717d9ee716139c887e05ccfb07887c9ae8136cbbf52b17cad2e666fd4e8e393fc4771ef4771b4caa885bdf90ced10c9563a6eae6977155500000000000000000000000000000000003490c99131a8e4b32a6b9770ff006ad9a9e11e938568d5d55a7dc0000d6e5c453b78f51acb46ad4d77108d748b3926bf6d03e8054140000000000000000000000000000000011dc493d5d980eeb6ee29ab419a556e2bb42276b7db62657a0f3852de3428dd7cc8d3b3c96b7713a645183b1eae5fc0bfd9d9571c96f41ca0000000000000000000000000000000005158a550a69b941f29b9518f4e4fcef151cedbb17ee2713ee50b2bc56159d98d3dade13f2a1400000000000000000000000000000000000005158000000000535000000000000000000000000000000000000000000000000000000000000000000000000000000000000000000000000000000000000000000000000000000000000000000000000000000000000000000000000000000000000000000000000000000061f25ea1c1495d5e77ea73535c6e7de6b3da5d97c89ebea9c0e65d4f82bb27b5e5eee73debf37894b6a4000000000000000000000014158000000000000000000225e69f61f1532fc55ea4fb35c33de7f9d5dacf5cf9abbef86ea7b87a2b5db300000000000000000000000000000000000000000000014d43c83d3fadf8c8cbe5feadf344d6f7bbf1af6da6f0a00000000000000000000000000000000000000000000000e63d3a93c39addc4de6bb8cdca9000000000000000000000000000000000000000000000006019f1de79c0c8b7bbfc35ea69aeb4d1ef2a4000000000000000000000000000000000000000000000045a523c8ef4bc18e4595e9e1cbfafe36480000000000000000000000000000000000000000000000018de7af477073499d81312cf69e39d8c0000000000000000000000000000000000000000000000005bb82dae0b7700000000000000000000000000000000000000000000000000000000000000000000a6a0000000a6a0000000000000000000000000000000000000000000000000000003ffc4003310000104010303020503040203010000000301020405000611121314501021151620223130326024333541232526349070ffda0008010100010502ff00eb1584b1c1874f6d266193f81ea25efa6cc6a035027f01d57365c18f12de3c8aca11be53ec78bee3f807e32d57bdd4d16b65dad83588a86910635bc39d167831bb798976f59031fadf4eb303acb4f9d634b8d307968fbb6670d68fca5a5f87af4db8611146ead82500c520249f2a7c627cc9043912d6ba7796d4a1b9341ae836705f596b5d31f22aeae5657d640aacdd317eec46a22f4d1d9c53d7f1e8f0b1724e9dac98b216cb4c880661c3e4e75845af1b255edaba354438866fdd8899b671cd93eb56a2e39cadcb483756368c6a37c97b371af47e3f8267371311bb6715faf6fa5ccf5e4de5e86d4d5e0b1f1a6d4c92eeabade05a2383ef8dfd623b8e77191a24d5b4c399a00bbacea1a198b3ea7c3bd783675e5b588abe47770725cb8d0c2d5b4bd7c6aeaca518a475b11b9b7eb491ab9502bc9b6dd0b2dfdb54cce6db19a29b9a23fc3787bf7b874ac1a074d6939ad954d2a582147ae867d4520c66c768da492e1b4425627b26f9f9fafa9efebba66e98fe5c9a54766a048cb5b57a9a54fae8b3d2a24c18059f6fa76b0d550bc3da0bb8ae945ffc6ebe74986f2be0eaa371444931cb95e84edf6e6ef6db36f5dfd4abecdfcf246e72f446e3b64c2377427ba4f843b6816d189531ede60ec3289b112bf6f10e4454af9695b58defa39b4c760f165a714811dbcf18ddb37fa17254c188b32c190854fa9a3db909fb4929a148fcdccf6f5d656924195735b655e54e383fceb595243570e210f2f4eb8d2acfc4ad387e257f16c274e8d60ed3041eb88afc8b624b688c671c6b713e87b911214a7497da4875896b282056bfacb9d4f8bdad8df8e0158ee4cb197d945b2b7b2ed3b7913b34a9095f29e89c03fbf55d792ca9aa0526cdf5b5d1eae1f899285507c52648ae3d4e41ab99281a6ffc707f39ed9b27aea43bd9143d9996ba9215735df89e85ed2b6b750f67362450d947fb45a9a47f4a107118dcd736f8325f949720ba863d4f4ddf2b7a6ea9d3522aee7c52e4924f9ba9494653ae9d67180d123b06cdbea9f5b1ac4712a60c1cdb0c9b66ff007b19be763154cefb5b2b6b0b81edc0cd1b59285d4c5d2cb2249746c378e194c41f598c6a2a6de25dbaa41ac6d30393a416087a5827bb199bfe82fbe381f767ed4b6b47468d4907b60f5364773211836b5315764b8b27d747937d0e669ca2ff000de26f6d16a82d32cc61fa4d7842ee621f14e2bbf1fd2d45605abaaad9479f03e14395244046a2b36c1feee6898b2069920c47bf520b8d4ae9bab9e3631a36789d5089b82fe38070429259b267e313f4ec61367c38ba58d0ca20b46dc7e237ddade4f7b78a8a3a912557bac6381aac178ab5aa05bc7b1a3debc6e58f9d7667bbb3fdfe86fe853b42d6fdc9b62fa1e4b9a77176c711cfc0efb4eb8855cf1cb8c43f8b9963120ba449e6a573f90c9c915eee69bfa3c8c1e36508985b0d4ef277fac4189ac100589a82ae6e5c5fc580d8ad5645b8371863fedc89091c52b56d30c52758f50bdfea27387a8de124433250c87e2dab182ca653500a9c89e2f557b5e8dc8e0c7872776b7a69fb952564bb08f0a2ef37541c218b5b13e3d61619175215869d5f0ec477d4f3e96469a1b665cc7941365a5857b0b1ade228eeee04b174c543eeec6c21e9a88fd3730957696702358c5d3072025db3a71990620e0c5f19ad47c12ae1ab7d0c668d39f118ccd4cbcb08f22469a0f4ea356f33249d4f5d5068b704bd8da6e53e652eb05ffa5aeab9f9322840814867caddb8590ccc91a564ff004f22a7504f369f8df14bd924e98b4db9645ec403817fe367c20d8458155a8231605a16c6b23bdcf68c5d66f6e88ebe102b2769c92c352db57b6d2159491b9f0c259395f0d95903575b0892824ed63ce675495fa62d67242a1b0ae35bb6010801d6b640f4c827622d75446d457eb399a6a076913a86f8c78ed932a28cd0041674ce37f4d5dfddd4f5ab2e3e9db96d4a88ad7b39b5e88a8dcbdd411ea055919f20f48388b3eded1d02efe60e30aaae6e6c26df55c99d22da9648d47198d56c23f3a9d3fd648a1fb1a24693c7ea09d2ab2bc2414c10dfd4c7a2b5576cb2d3fc4cd1ccae516a7b66b656a1bd94d8b4f2a51abab01163ba145338d5316539b5315b81008285fb108c61b1f5b1c98dae88148f1d311c8a9ede408c6918e19b4b98d66d429cc8564763dc1e2a98ea90494269dae4c1d6f252f4abe3d60edee623244ca99ed7348cad29192dc41b57e2aac9aefb1ea67f26f50a5b7b4240b01c79d756689c7c8ab5ae6d855a565b9dd6732c03b0c6f903495e8bed927ed8f507d551634d8dabac7063d6634466af1122fcca39b3fe2b6f2243989904c1968e8ab7b754f4668c7dbc9d95702ca3c5860d3c26dfcf2d7b6dfbe962d57b123ea08121235944b0715a817a141bf5058a6167701c2481225aea7870b2193505b86236f2c16be047ae8be51fbec358e6b59ad7395b52db037c0d58d2543442aaff00ad6dcd9c998bf12b81a3b5258871dab0bb9352583f0869b33205635319a7a542929a809088c7b48df26638a389cfb3d4581d3b02b04d88bb022b18828e30a106c237b5305c66064212ac5b3820192351c56b0fa7ea8c87a70c0705dd786bcd988829638b1430c3e49ef41b1bd6d4721a460b1489b31136e0d5c46e70c56ef9da09a59240b450e288c6e5e9223772568b830ad5e11ac5aec09da565aea1156ccf23790e54fad6c7ba31e30fa03637d37f7df13d15374e8873edceb2371ae291c88ab9c725fecbc6be0dd413274a74d8f125f919e09128418c188c0095d9b6c9cf6c1998656bb1aa9eaef7ce0b8a34cdb1a9b7a151bb6ae737af4df756ca840b38ccdf8f8ef65cf6cdf1c3e4ad6f1455c37e2fa5c7aa9159790ed9886e2a23f35c55f5dbd4e470f1d06ca5874e588ccc17b67b66e99b78d24c108ea54c4f74ff006e76c9f8c9120426c823af66c6a72c7c0be4395a6e04eed98845263bedf47fbb5c57a630aaaa75e5826a451cb0ba9ae61c9eea375c851d05b2598bc63951a954e492645df11cb83c72e389cf264d6de4bacad8e2ce98b38b5d8e8a1739f15ad733ecc6a724f47051d9d036043b3e570e1775bf13afd3768e72fbf33d6156d517c65c2116b6b07692acba7b635b8edd1b65301119aae54c0d369930a3320bbfe2c73b1ad55c70daec6898dfa88ddf0cdc6fe62564482f7b13661b964b8f6712723b7f16b95b05c02e2371c9ed21ca8fd55bbab2157c7463793146426e36f25fd13377c8ede2d7fe093e3e072293111311cd5f147234228e76488ecf75f492e573f50cc60df17ee13629498d111af0fdad45dff488bb65e210f51a7cbc88668878d0fb35dc72ca1c863eba786c63788b36bc902b00f8f01a9c57173666f744436a317f6a391bd373daf37fa6fe13f40cee29d476183c8359f62c57751926c05162c3b08d382377bca11eb6cd3c43b7f4fdde8476cddf960dfd4b01aa3983039d8d8dc73a7fa446f2c73b8bc7eef513e216019ce5bc736450530df47735a47b2f4888e047723c3e1ecec5900307acb1466191ab8777b6a49dd8d569b8ff00f3408bc45ec9f4eff46f8aec6bb963dfee4333227f7247fe9c0b01c849e93e3e585547b98d168ad624824e14ea4d32de147e1a6ce1c30365c77ce7ba759b6ae1a5456cd91321c865939f1ee8d3a7e56f57a116685e16918e4ee98b8d223bd53d5cbc51c5c4ddd8afe38efb95a3791c11342dfce468b1e2baaa7489b6e36eccb794eaf5d4077d2ad50ba15de16c5c4641aabb812a9a3b58e028f8e2ee98654561aadd6385d2f164b0d06354982dea042bdbbc5f6bd9fbd17e8797179ee8073b142898af18d3a8d23bb803310cab9533cd38d3e03047ae830c268f6112426abff0722006d2bea012e2c1f0b32cbb6972690824af9609d108f46239dd473583664a9f1a2a55581ac23ff584b4adea95e618dac681fc026ea20d7db9a67531499cb7c4f424a1a610d8f14d24868504323f80b49f2702c97e2165df458516a4909e3d506ea0e291a60f51bc93c2deff0041612ef6bc591eda7d69fe631b989a86a5d8ebf0bb0262df58de45952021ae68c4dac513df5487c481d11b7fe178c9f623bdb7ce3be1361e12461babb753255a0d9280f420c996a64875ba79a9f0fb78d62b9d4b3b496e0d940995ea635fc213420a7459769e155a8e41d7c18ea4181d65727ac1e408b33e2456d75606ae18b4f560a60ba41275113d65fb061d888d1c87c69d76649e38e22bd4ce731d22590c39d3e61d6968d80c46714726eb6d58eb38f163b62c7c9c3353cbeea7596060b2af50595b32ae9e8e32c3abf0c562145074e4c891e3d25701f714f664b1a6a16d6bada09a7b9b059bb76dbd4db2b61925da9e8d84244358d93a55949eca269b9130d2ad1244e98419e6e5553b078c1b588b9fedd21a8902702c62e6d9b2658d543b36034b4464adbc63e40d87596a538bf1e8ab920c26b28a3401c7b1a3bb24f994c08157a887d4199cea79925b65129071fa71a331182c7bb8a34eaa51cd106443616bee3c8daf3937504bd478d36c57e7511b8e942e526ae2583e3c71450611ad7b7b76bb142c764f842b0891a1247184482c72ae114fb9253f21554c29228d063dd3c82aec9d83230d91fa2f24be9a2dcd685965aae209b4e0b8b294d6a353ea28d1ed2f742ceb4ec384e730522c5677057ac4522a4890c8e9e3a7cc6c18b1cf73210920c574b3cf8abf119441d8d596449d2353000bf9fd039d028490d661a7f1c91a8e3477b6e9d2071816c52059d31b864691a9c5be366c66c90118f2e4a1a005c6346131ade32232486061c571acaf1d48e893a2ce0fd247b06c595573b1d2ead73e2f4c778a3c0732182322ab775e4d464099612489e3a639cb8d8d248b3699f2cd1ab58027453974f6cedd777343c2ce496b195faac8656b91e9e9be165c126738a3ce719f830c462f1e5821a09dd4522353923b8b5a3e5c3c6ed8b8ad26379e4af8c397a07e0b0efba7dbcfd85a7db9d8be1c7a864b0130ee78c51e97a8e7d6c47b0752f064aad9e7742892819630644dc04792cc2b26abdea500e35728e5f91db3db36f4e3be2a671cdbd15337e9e349c97655f5dd598a55766f2198cea9976f2becbf56e9cbeaf6cf6cf6fe02b9f8ff00e0d4830e307e79a6cf9da9f3e74a8c76b6a66e7cf54bb7cff45b848c30e64a1418ff003ad467ced518bae29932a2f615da7989b0c53e2bf4035ad9d5b2eae469fd3f5967075450545642dbdf47e9b8568363518d380524573a5eae04068de5243d0aa4655d3c2a7179ab7ab15ac3a79e6a0b3bbd2d12f09246a13d15d9e9264738a50735b59354ba2aaf7f3dab293bd0690ba49414d0109993862148d0d77d124d98281144926f2ce2476438fe75735553be9e6825aeaea2b9d2526a200fedc9f7965651b44d376c0f3f32206747febf495c5ec336a9ae3c69110ba7ea3e2f3dad4637f806a6a64b6854b7b2690d3e6c9b79f4352ca981fc0b540e38ef745d4f58dfc0aca78eb61236458cd811070227f00912051424d714cdcbcbd91765ad9bf0f9d1f585315b0ec21d833cfdcd7ada572686b8cf91ae33e45b8c4d11719a7280f504fe01692cd060fcc131f07ae1cee018d231ebfc008c42b34c00bf12820ab35a1a9207cc5a70030db7f01d37204fbd8b67061497999f37e9e2b1f71fc076cdb38e6dff00ec6bfc4bffc40023110001030303050100000000000000000002001240102022013032031142508070ffda0008010301013f01f9d35a08c66eef18c249a425b8451c8af2f4e42e8e425b8e918fa52b8893a833471a135092c6592124e4eb4908cbe988a68d5c9d3795a534908b4763c6688da29b275a88a2bca5892265ed5ca3f954786c39a48a516df944d6c1216a73af2e408a5f74573729a5950890e453453a8346d1c9d289095dad5c8643536eecb19fdae6fee03f03ff00ffc40026110002010206010403000000000000000000021210400103112022321321304250528090ffda0008010201013f01fd2966fa0d7eb5da36d8368d4617da5e4f6cca2b2c46168c4b64aaabca58db319786f51ba8ab116e622aef656631a7923711f65a8b9771c9a9a8bb16acb117adcf6242d1a8aa2ad31ba6a4968cde4e2a45c590ca73156ea24598f18caa29224b455257798cca49c56e5a31222468ab1bc6591119489963515aed9a4d1db26179113e57acc4c955b8a8d758519a22aa8c46ac761563779872dd13173a92b97ec6bb988cb28cbb76e354decc29265614f8db6ac4465e445976ca2485ea611a2f5b4c70d91222a92af2185eb1313468fa8b6ecdb22b2154668a8a4aef15666224b66078cf1a9155ba8b1a36f697e646e65ec72390bfc1afffc4004b100001030202060703080803070501000002000103041112211322313241510510234250526114207130334362728182912434536092a1b1c11563a2404490b2d1d2e173748083a3b3ffda0008010100063f02ff008b14d527b2317752d3d5c2d0ce02d233367702fdc4e8fe8917f9d91a59bec02e8e9b634d1490ff007fdc2a52a5f9d2aa1661f32f6d93b31062d2fd571daa6e979f7eafe6dbc90b2e860e38a63fc87f70ba2a907fddef3c8abe9f161e8cf6d2949dbbefe564cccd666b33327adabaa8e3008b450b3ffa969a9a469033cfc6bf48aa8a37e4ef9afd65dfe00eaded783ed8d9638260947cc2f7ea06e8e081efbcf2bec5facd037c19d4f53592696aaa7e70f97a2c2d937a27688f09735a3969c24667beb35d610766067dc1651e8a98a685c5f4983799d5a78aaa0fb713ff0065fa3d54527a3178b61e8c2c277d6cecf645ed1d00f5877de34d4d2d17b2d461be8640dbf056968612fc0a4f658f46325b10df2eacfab3f7b97c15e5a7022f3ee97e6cb4cd29d5d08ef84bf391fc0947286ec82243f07cfc51e49cecde8d7578636a0a7f3c8d795ff0ad393c9513fed652c4fd597c9eea845e388fa34499de3c7bdf1596ce0dcbc4b3596c57c9dd65f9ae7fec16e36ebf622c7767c252db518df87874835473474903bb0c2018b1fda5828e4dc6d6076b132db97fb0bb5f352564d3f65a3c11c2dfd5faa594b6460e4ff72924977ba467399efc3caa92777d628f5beef08772d8d75595d4f52f4d4d4cf68c5be9153cfc648c5fa8a59e468c076bbac54cdec1465f4d87b5917641637da5b4cd5f8f2ff606b2bbb2f62aa0d1b49fabcbdd93d3e3d434018b0bebd5b877216548d016a64c2dc9147fb3a991bc22bc876b539aa4878554479a843e929fb291bd59493cc584236b93a1e93e91176a717fd1699ffe67577fb851193fdfc9657f8abad9f2db5603daaa9aa9b50637212e44db2ca0869a279ab30d8cdfe6c3ed2aaa4aa6c5506588a52fa55fa235984b13b7751c5338b914c67978455c5e68246fe4ba281a337d5eeb5f62ff0011a787d2aa1f30f9943147518a08704d28377fd1d659292590af6dd5799c3195f776332b5be5f3eac4db59494d26ae31e0a0a88afa18a368a511ff00fa64b5b321dd3650bd308b338367c7c26cabe9250737a6a99070fa16686a4e328e27be18effd57b453c40072b76987d3aaa49f6303ba021dd216b7dfefc10627d24f760b7a22cefa36d6755384704713888bbed2bf55cb2588f2bec6f721a6a57b1be2327fb0a0a9fda035d64b241a33c18a6c25ea985b56fbdc91e84ad47481a37fae7e15355feda36131e6e3b1d7b053c5822b3394c8e0c18c05d0b3d348cefeaa0948308cad7c0998787bceefb3353f4893672de3a76f244dff0072ff000d85f27b3d49b72f2fdeb4e01da9337c195df759171a5a276fc72a8c2f8e52261fb285d4937945cbf254d5110bb612129a306cdc5157d54380a41c11c5e48fff002a7e8c904b06670ba2ea9462cce22692cbd9689b7ada59bc82a3a681b5478f3f0a3689ec767c3f1447153b9d6466e13c7c8d1cbd253b69cf745bb8a4aca72137123018df8b280485c0e16c242fc3df8a941ec55b30c18bcacea4a1866b49146dbbdc5d9095ef89c89eeeeebe2a66877f0161434c7828a2ef96f4a6eeba3ba3e16bf7cddf79d0a8e9db7aa6560fc2db509ac2ef658e98c9a58098c5bcd658c72907294393a7a4d358f138e276d477f8af425515114f8694fe8fcde19532744b003d3860988b76575254574bba0e44c2a9d9b8ff00744edefe8ea0718e5f75b92bc1160fefd58966b593cb8071dad7564c42f952de3fc4fb50e4af6fc9636dabda29e596908be730779460e44411db55b2582584a228b56d7c5766e2b5dfef4de1662c6f26390e4227daf7457c99aeb2e6eb2f9362e5d577c94871ef3bb044dccc9679bbef3f35666585dd6ceb9278998cc7baaaeaa226bb44e3a37e04ea876fcc078540431e3796718ecb36b35d606df57e0b2f949aa22b636b30dd433541e64ceef64134d29da367d1c56d97ef2e4dd79bf5599eccaa8adbd666fbd53cf3c3da6887159f0e3cbbc9845accdb3c2ba3cdfbb50a4b46524700bbca6dc14755206073cf072ebcbe4e4a737c38db6f250deb269863dcbec156fe7ee1316d6565777b2a8a597563366b1a0022c4e2ccd7e76f0b6865231b3dee2a1a1a1608c34a0f27d964c05b3e588cf74533f3b75e6acdb15f8abb8acd4413159cdff2f574700482f28b3110fc7c323198ec526e0f125138b657426ceaecadd7aef65d96bfc117b3f4642d1f74a4933573e8fa736fa86b455b4c51bfd5ff00caec65bfdc86313c73ca4c2023c2e859caef9ddd480db4ac83e0c8cdef606777b32c43391bbf016d64d1d135c9f89bd95fd9749f64d60ab09202e5232196326217e4b2daab6a1c2e2f1e833e2ca73198e5d2308eb7016e1e19d0df8d0737c995e626b725e8b16dea29e67b08a78ae50d287cfbf7bec32c00cd14318ac5d1942f2c4d7ed642d18bad074a5215193eec9bd1bac1511b1b775f8b7c149334a44126c93fb128e5a92bb06b127016b61b649a33986fc59336b3a9e9e1c6c6e2f9f24fa7c4f10666e828a7a68c74a2f80b06dfbd1f4348f8a277bc068a0a88d8c5ff0092a886e2d9bc566d8f83bcbd9695af34b6bbf94547006c1f0de8eacfd854d89fd0969e4fc03d5ea9d5ddfe2a89c08648431c966e3654e5c66ed0bf12e8ea2c5863aaa8b4bf06cec828e588f03064e2db1748d24b7c3ac51dfcaea9243dec167fc392902ccf8c8590490b88bdac4fcd6296a25c56d91f145602fc69845c757659119be7c574853c52e8a792f810fb7d4eac5df72d8bdb46ef052060137ef9a22e4a6316b81c929dd4d2bc864d3c2d66e0387c3a4a795ae26ca792aba41e4008df4223c5453bef1b6b5bccc8afb59fa8a17cdb63dfd56081985b465a8a89c7844c2ff72d162c1233b1c47e5365a1e9ba090240fa58daecebd9ba1a90c064dea836e0a0a517be8c6ca3a11d6d16b4b6f321166bbe5922368b193b64175a4a9c34a3ddcb3426352d27985db828e094982a246778efc6cbd9eb6f03627d15487d1bfaa12a8e9592a62f2b3ed431e28e9e21d974f4b485687bf2f9fea8ac583099337dca1881f51a3773f10a988cdb01d411c4dc99182c95ef75ed118de583365a397f5498b6fec8fd531c462425c5958859d5859993b0bb49525b9137f7452cb727c4e645e6252cbd218b4cc5d90bee88a923f66731d471216e0bda040a4cb2166d67569e9238e9ff00d4a9a51cc63e0dcd63611f505b851fa362b37f458a392291feb891dbf8d69e637295b8f563e2fe20f53047a4c0eda4f40435103dd8ac4cebd792cd59d15452657de0e0e84e925387ccc2761bfc09678247ff00d3ff00b560186489bfcb0b7f3242e436f46ffaba6070677589db31e4af202b0ecf8ab0b756b32e4b3cdd691f26e5e24424d76767bb3a202123e8e32bc72367a1f4254d2424d24659be1e28ae0ef8990ab3aed819db92c50c011bfa2da8cc46f6643587d2254e126e4710b2860ac9fda219efa29b0d8d8fcaeb2d8ecaa6093669351fd1d33626b93eaa1a5ada6289e52c30c9bc06bd1330af5f2aa2881f57379459af928ea9ce5829a07d50ddc5e2567cd9d767ab0556623e53411c5908ef3df621167bdad9a8e226cc85ecfc3adeca4cb19617d5e68a2a6a00d162ecf4a5b8a2d28518e8a4630f8ab7b4d17e4b1e2a025255d453d3cc6e2cc0da6c387e0a8e32a22a61865d211e36758e436c01b5638bf9aab9e9a7388292368a3317c88d156574ba6aa3fc87c53432df98936d6753d555d4b133f1752491538d3e909fd9ddfcbeaa963abd46818e43767daed926d184b3b33aef017275684f59b68bb59d5c872e6b6f56f32db75b138c5da1fd54153168740ee5d9779150c101d10ffbcca7c3eca8e9a01b0078abe1dbc1143d2c7a4ac62bc42e58a1fc964d95adf058a2627d1efddf55769266842e4cea4b83c98ad98e68020d24381ddf6e6ebe7213fb4d675ad040ede8eac34603f7bbad5c23f0156294df17aa17289b870da8e7e8baef6769732848310dd343d2d07b3df64e39c449885d9d9f8b78a1cb29e0006b913f04ed4e654749fb4fa4913bc11dcbbc65993ab93fdc8c59acc7bcbccfcdd6171bac56d55630bab8e7e8ead20dbd10e206b2f99c0fcc55b376e0ea38863b61b66eb79143300989366cfc534308e101dd6e5e26445930b66e9a62fd4024b441fb426ef1218fdcd9d78f83a716b3ba19082f8363f5e37dd1e0b555f8f345e603202bfa2baa5a6c1a429a4b167bbe252c14c62267cd47d1c35ba903363783218d006323c2d6c45b5faedeeeeacb62c9676b75b0f37fe88668f72ac317e2151c9dd2b5d53854033c552761276dc3f12d1c533c2cfbc4dbdf7268a11b30ff003577eb3c26ceed6bfa2cfe4b3fb97478366e2f213a065a395af8484bf10a6bedb378afaaa6aa8b52a5f2bf026facbb2d43f2755be409f5726e2a7aa1ed2a19c8cfe1e56420db0b67888418bb42cd87aedd652ca6c223c5d690485c7646ce3b195e3c9d58aef96d4ceb8f56debdbd56e1c56189b02d5ca1a97738bd0b926317cd108b6bd9f0df9a90648f435301b8cb172f0dbbec653f499fd2dc21bf08c7dcf46596c454b0eb53c7befcdd338837c56cbf566c99db6756cebdab2b32d77baf5460df3b1ebc4ff599617bb3f11e4ecaf6de50748d298c67bb503fb40f0da968b7de37b28203268e9a9a30ec6cb256ea1d2116b6e8b35ddd0bc6c5169e5c07e6b2d149aac59897bad75b3df6ea90a18844a47722757e59ac6d926ada0729a395d9a7a627ff0050f86d44d23e229a5c57ebfbd37dea9830df1d646b26b62de5aaf64ccef757f93cdb3ea2002c44dc1910fdeb0bf564fe147216e8b3bba8ce3cc4b364fd7f05d1f4f6b91991fe485edc1626659b66b3f94ac112767d13bdd9036cd28b3a0b3be24c6caebdbe83e7c7783bb20a19a3fc43e57f099c0378a376654f11e4420d7f71c9d9908085f410335fed26cb9215970f95901fbf19282fb4710fe4899f6a2925d518d969612631e6cb2cd947574d139c552ec15203c3fccf0acfdccdf255150479c926ab7a32676e3d5b7e52cfb3a9ea1b74aae480bd09b3642eedc1486cf91c68a8262ecaa418e17e6eba52023bfcd18b22ba1762c5ebe1196b48fba2a379be71f375702626cdaede9d564785fb59fb38d171d1b30ad6f5b7cae15616bfaf574a97b2cecc35cc7bbb7eb328184bb527ddb668ba2862290279d8e236ee83bddd9688f5481ef1c8db41d94d5c75233d5b61b3377c1b82a99e2c4dd8c8cecfb59db82a36ff002fc1ca576bb0ed45d2550c66190c20238d59d9e96076ff00ec2ffa28e1db86f7b7aa8ea9cdce072b4a1e46f453d74bd9c19e0bf1650d54b89b5fb20f28aa908b162d5942dc59b3b263176c256757626d8b2cfe4b555dd585b2ebaef65bbcb14e4d239b679e6aa99cf28e31cb9bba654950dbba6188ff001aaac22ef0578bfe09152c5e5883c1aa1e3df68c9dac8e777d27b38f6ac4d9a0710c0ceccf86dcfaaf266b5476285cb5231cf07344d506ef9dc70f750410ca6520835efe8b15b6d9d61b6a9be4e89937bf9ade7ea7c4566db6560cd66aa7164216c28fa400987b3c33b16e98b27e92c8349c6fb457e8e6d235f0dd94f95df1456fe2474d3b6462d9f2751c55520c860d6c6dc5bc1a1a48e2d2cf3313e1bdac2caaa7a78c23d20de4899f7aca39e17b810acd66cb82d77fc91d54916861bbe8afc45bbcab2a20633a6d39d8f92c38f77832bc966658a32c99967b7af57ab675d9b375ea80744da22ef5f34cdc548fc80954c8fc64b23e8e981fd9e385a42cf7fd16716168b2606657a61c18cdcc9be2a8e8f8cd50044df5036ad206c4c3dee5e0d47d2986f185e19eddd03ef2fd7065e4c0f89dd61a3a09422ab3c63a40ef71b2bc904ac4dbce3ae2b3a81bab40c67f64549405d9c50d8a6c3ad8beaa868a9470466d6909bba2c82289b0c62d932c719d9fe0bb632fb968c4cb0b7356d8b5b27f77264d8af9ad5da869e2d62c4da4f44276ea9e47e2d6426cd6c6eeea3a8e8fc1a58df580bbe3c948d2b0534501619441f13b9a33a6abd1e3eeb862143a6aa2a891a12c65cbd1611f55d255f7d4c6d047f83c19d9daecfc1d628a9a207e6c0bfc431bc861194402dba29e5a9b637f2645fc968aaa4963092079463c5acdc1b126ecca6a8972860c5888dd4b3d4bb694f5e726e7c909bbddcf3b2bd9dbdc276daca372946f9e7f05d9bdd6776592e6eb85d0e56165ecb44242e5bd2f24d7dbc6eb24c861d2601c57251c23b006dd53d445467534d52f8a560df035828fa3658b16f4f51a8c3f065353336f53b103f9df8ad3befbb618c7993aa7889ac586e5f17f07307ef0b8e5eabd98ebef00bbe1111c3b79a13d13118ee91676415fd1d24432685e29349c91544f2fb4559ef4affd953c2cf68da4c522bbab37b8ede8aa2969238c06223c64ec88a53d70c425f7218e9f45831e17727524b7b6117558d24b7dc2f85d48f14a6cd0c5dd4224f330f263c375932cbae4b3393c77d56415103ea1b7e5ee30ce37c3ba6d910fc1473d45454d568fe6c652bb0f86e8ef9e1bac039337bb21bbdb9a926a46d5a991cd4c34550214f2e658b82a51822737a69c0ffeaea084a395c65941b51486115da40dbeae8e6c169ea24cfea0a87cd85aee85be1d7fd54b13f7598ddfe28c62072a3afbc82edf472f1f121789f2a487b4fc5c13137565d5854cc7a43196d8b3c9470c43842366116f87538bec764396ea1726bb8ec52d34bb9235b24101637d1b61637e2b25922be43cddd68a9db165ac7c94d2cfa8d21b7c725667bf894a577739a4c723f358c1b22e09f4a24c166cdb82ceb45fd38ab467f96d743526cf494be52de9159b2f7f6bb7ab2b0939fc595b0837abafd2ab5ade48d766ff0015d986de2eb59d09d8c988987546fb7c3e49c9af85b6735a5a808e08df607796117c9638df1c4fc113c714f23f214534d2e0c7e707c94a73d376e27a98fc9e6f916c9cafc1966d9f25ab113ad113c6c5eaebb166f8d9091e101585d6aee96f2b787612e0425f966b62c3706c7966ea38ae2cd6d56e69b45aab466c2ec8269804e78ae227e8a379a27284e4b621eeb21960958c4b97bce664c22db5dd693184ba2e2dc15f2cf8a28623b9e78acdb15da2ff004ac9ae43cd5d5efb11cd345a1a6be18d9f7bed3f87b441b49091c8ed6e0a099ea35a1be1d54f2b9bc923b6f92dab225f382df7221326367eed937f86c5016b6bc1df7fb364cd53d1f51133f7ec9899eecedb7dc78ca402e63b56011666f4056c3fc9110c02d8b8b0ed5935939dd66caceb59f259f886deab536805bcc79ab948ee5644e1531c67c059aedf9ba18ddc24ecdf11eebe25dacd25fea6a337c2c9a18488db13bf68f8ff00aaaa866b3c6c6cf0bdbba59f51900e32667c23cd7b4d64b249396f0e3d46f8332c182cdf55edfd1586732b3eae27e1c93609e38847eaddd3b4d38ca3c2c18546d15494022f72c3de4fa4958fee5d8e88079966eae784dfd149552cc7299f75df503e1e2db7decfddd8acd19adc6765736c23c1bfe14272c8584019dc9d7fbc7f02d951fc0b64ff00c0be9ff815fb7fe056fd23f810c80f7136676fbd495133d801aeeb64ff00c0b64ffc0b6547f0297d9b1f656c589ade332d34bb928d9ecbb2ad7bfd605a2a81b7949b63ad34a66478b5999ed85690263097b80fad8d668eaaab5b01e168d30b3599b63238a51c406d626535442e6040dc493046ce445bacc98ab6a085fc808a3a60b62de27dafe365096f6d8cf93a209db085f04e3fdd7b469e403c3aaed98a30c4c5a3321bb71b649a4db11fce0209a22c406d717ea8a801f775e447d21237318bc7bdae9dbb78db59bce29fa2ea0b3c2fa27e63c9139564b814a1149a40027613e6bfc3e62d43f9af4252d44af618c6ebfcda997f8545047bb18b3378f8d7526a46678b2ee1a9228a6d04fbb2af697a8092c4cc4ccc9ad93b59eff0410554b78dbfd49ebe51ed26f9bf40fdc0929e66b81b59d73b7ffa02a79fa3e66706d6d1bf174f14f1bc66dc1d083fcd476291d330b59999b2fdc1d46ede1ce3523306900b7a3f545390eb9d8401bf24317d216723fafee1ced07a39fda4f5f236ac5945f6bf70e5a891dac0d97abae72d4cdff328a9e3d918b37ee094d31b000664eeb534d27c050e58210dd8d4352c18b46fb16b19c4fc88539534a32336db7ee04d4ac781cf63af9ca75f3902df816fc0a7967317236b587f7065a88a3691e36c586f65413c54d11955c983063d8b3923bfc57cec7fc4ac242f6e4ffb8240fb1d9dbf3474a7b9d1c7261fb46ba469a766d2c95bd8db6b5b350d1e0d43a3377fb57daba6b0b6c985bf70ba62df4925c72db65d2d248d8e5f6bbc036daa9bff0066ecba6ecfb67ffe3d7fffc4002a100100020202010402020203010100000001001121314151611050718120913060a1c14080b17090ffda0008010100013f21ff00f58959271d3e6d49f4fe836116c9687f439178b0bff134fe82a696b210314aaf5cc1791e97e046cdc244fe80b06c44968f42492aad482d04f374dcddb87905159f312c9ef17018e2c6023e78ab764d2206a99bf4be17248251617d474faab2d7862a020668512c4162c5d1046845d59a36004123bd33aac985e6b4ff0071b44e85fbb03270d6e768e2deb34158094ee43fb588a164204fa1a42d85917d9b80152a5408e21f45bf2a8e38101fae4594a0ac1dc93856a4e0a7b95cb8fc83846c1c97aadfc4fc746cfc752d9200f4c134b845605e972e0fab23c91e0fda62e43e7ca4fa7e218f025fb8392292a00e5855e7da3b580829e0c5ab0b7709863f0654239fc093302b89539be4af57f58be271b0bf6c72441f06d3ee539c9252a0e88005600e09a6aa1afe5017751cc7c13e1ec29dfa6ddd7c446e1a43befda4b5f50f97b40535025e894771fe61d4296fa09cab8d59b611274bde15bfe583aa87f84451e2157f993859a60f828a0bd8f3d9e3358bc0e922d802b5bd05523f681f7a78c8bae517734c7cc48908560b507f5a775fc17300c0bb5c2144ac6cca2cbbea2e5460fe6a58a864fc2f34410525e063163845dee654d9afd791c0669952e68e9527de846fda0d42f1909ccbde1da1f620566de0969e207f49e0300501c40810c88e26431d00a94a10014890f2f45a26b07d1cc2058c6201d46d9411b0ba0664392625e49bc70178475688957d522944ec58140a400de6e1ed052b494ca07f9f38d0a4a117094fa385cd52db3a96a69c44556c99e10c0542f8e4fc1c448384de05ab19ad93060b44b9e1536ae356af6c75cb3be608021b8c17ce3509b4db9f395ba3b8eb06e37d2308006eb0e24b9faa3891fcfcff00c97244257c7b1254a4c66f90fe615c07520ac92890818012ad93665faa0f404af045ac7f998fca8173ce05c7e718970916e48ae2e489c6bd271127a6c0d4d52dd9700e05ac79a45e66bb4e8f58e33e7f3003f65cc57244021921b4a68c4c11112bdb66c989550072b6f95f6a2c79ea63ac4496ae24c1be4bb20ef841f790dd7c75951e5a844502f57e9fbf0a0a3844658d13204fe6cf66143c220bb753b6b12e71b26f266060b676fc8b078558842f670fb2717b7c5f51b5e3a58421f9341828e02cee695d20d4e8921a2f713602a1cc1ed718f49642d5887c6885a98bf8b43820f6196601cf33443f050155538572515456df6a06261ba3151b131b688990a3a820a6113213001822bae43d199c1590e228a4f305426987ccd5ac59445958835e235051752bc04c072b514c69f6ab0069ad9c448980b345f9a00040b2037540e0dc4af9e63941fcc029d305bf7d237848a22008aed94a5412f9dcab961a21221220cb0be964b002addda2a59d80df30a0b5c8fb5506b6b542e89542e200963211f614b702c5996976420fe123ec920e9144e89720c7005b484028e2586b5dc15e4c75823942b3030f044cee8938547b4e4a42030744e0f6ab4989f18231c394155403a022db3a94ab817f81951f40c076a3106d1753a2b3cab6b2e1b2888aaac12d852663f88c59b4867840b2df092df3a56bc9ed670da4f4c252375b8067be39d4bd025e7d40416ff0be85eda2d88a2d142312083913820e18194b79a26186731dce8e8884c6002e9fe2211b587068fb65a28d1e64d4f3ab73820724affb3129963a8285fa1a22168b99d49ef5fdc2724d51b8daeb780f4ee8d9f507aad1e602fb6acf633169ed72ccc2b84cf048264537300cfd01e03771b0e6e2f849dfae4138d856237056bc1365ec7db895221df5274f6b42567b2cf2ac7aba3a915c29128b6bd1612a538d79950fdfb65178b684c4b73a4d010bcf8156006c2a27f6672b3b93edc0d477d93df45d5959900ee26494cecc4ea5e8a316171635ac6a2ddc1aae54352de26c154bdc0f058bdbec635ca10a99ee7704372dea440d0e7cbcbedb4fe87a132a8f9b8f32e3d36b82166cd500cb744a82b2b8aa5d88dc9dae2b8af6eca27d3770c6390928dacc0cc97e5fb91d6c7f58274be711c16b6c1858153b103e2773dcba032b891b3f6aec79275dba4b071b20b410365e0f4fe921e032ca7b694afd3bc308d58fc457e9442d4021dd1b9642d154d4b437e96c8aa57478cd4df80b0f87ea6319a52c20ac69c5504d51d9ddb1166ef03810ace015940391b663c5e00b4f8e289722e42069c18a01175a7949eb971c041609a0823db6d5b8e96b255ba42d068087b778a573c67734c746ea3b811bc99816caf908112edf7e62420258f6330c1e92e1d96f01309d365d3dc87976722eb9d307874a14a2b0e7590fdea3605aaf7c936321cee19b065dcbe2ca99aedc2e7c62d5e9952a1655459b0d5fb81ebff6499489bd84115a3b808e03db503c5b2a2e54c18b905192ea6eb2a20270ff00bc3c753392c837bd6eaf9ccb39242b9801e0828e50a80663ac01a1455cc0469b8c51a4e174e0899c4ee595e8d0c012dc2542d93dc0031cd048d17a0dd73e38124adce0381a69e231b6bdcbcd83c4be36e45dcc34261352a474e482ccad97a9970a21c748a9211ae5018ca2f56128e21a8176cc5ae4b6babe1955ce7ab9482f1000d8ce5c4612a32e654c52a6042828f71600602258cbed4d48a240b2ba8c2af006bb946349f9f5f30b49f705aaa6641b2c5f3e1070ed467114b3a21c935355d4570b1b07100250d41e6b1deaeb3c12802fe7125d43482a51781947a4e0ec2181ee4c5f4b3675df210a0d515fc6cf4ec620830ae0a8caa70970402da5aae2c47361c0365c66ab6f6c4390b831b92bbfd130a15e634a398e1028c40368ed8cf2a3808ea6ae5bed79595eb7ec87f2f1cc77d5c587ae03e07316b6e504357028d5089996809920762c03d7dd5e12c6e2d25534fe19e9073e162837f31ac9f366a3e50a902c9297aa8114c5c097f6d54cc67f58b627b9ad10205a850275ebeb412c891c8d337bc09b47ac370565f9e62aa6e310aebee264897e73491966baa6056ddaa9b84d699a4cc700203e4af2d3284a86c102016a941a51ac135ebc2e20f7258c716701e97e60b8986a89660dacc1b11693e2740087272c2198b54becd0c0a9e600844f7b1a6025f32b57050a5ce102c614269535c118187981e016a3ee5e7585aa4a8b804f8d7cb297db5c9173002237531474c767a0d09646a6ce675d1c10134563ec5c42240ea548bb1b4f11cacd117896907a652b93a4898f6fbf4758044c8ea3e0a8b2bcc4a84266416c591b71ab79f9c41a3a8e3d78666a99765c281284a8dc19977d2b121cf6487eb4d0c246bbbc8f6e705c0cacc252ea5da00ca9258c54eb0a31566e1aebc9d57637246412ab610b16a5c1f5a0c311b4c32ddb696308f2cd33200517140f17b628209a87b618c008d1dd4e5ac29220307110118b455a8661ed4c544a93b0f966454f90a4862d0aa8ab9bd2af538725ee260eba89a5b6a6cb20bbb99070947bc540bd0b98b061039c7312a3c48e49e3011c196a2a1eb08ed915fb69ea505acc168d9a4160e6e5105c106d84bd41c253e51a21f5c73a4a570226db74a7494749163647b72800dd577086f0796562547170be2a35a20f9dc0cb2321c4540d759ff8ae100971c4d1a8b1bb0e60cf3906237966a5fb5e788004b6e7cf18b5c8976433470644ba5e7a1b074a5cdaae98f4c369791860bb88b85020d6b5317d86a6907dcafc445d649914bd68b9ddb46cc70253a8e65a20c3652c84c009983ed4e8b9b1491c112504bfe318b7214667046b0e7ec56e2a8a2190db85998689552afd6ff0737328054d4a72a710ed5008f88a5d4c9ae9d2066e181d469054d970f695eea317362b235e9af4752a78853bfa5040ad4738bd6d4203917c16141bfcd673e664e33dc2a5c185857d49973ad69a6e88c5e599ccbc294d6b7ec5877bc2ef9c7da4cdb2184501892c3cfa056e2009e594c0fca1c0e1e10d6507999f6e94b0ab7e46fd1f4a10db17c457b807f895052ea7a14741708a6657b86744bc0ccc57c1399ced4e3da5185042ea2e989c4046162a5331ae1b40172bbca1881006176cbb74b82c64f4ba7f81a8d2439860566f0c466e211cb91d7b60c6e84a0a22751410112e310f1509961e63554f68b8021d5eb4e58c8a144b2e28cc038b955a67097a93594cbba51ea0610f4b8c46163d59840db097925998182282d2a6543ab8136da33c99d2fe9f17b5e88064c6b095c488cc4a5344f18da92d8103a1b2a76dfb36e2df7d550a805a5aee21e66d85254acee54a74851f1b18212dcfdb5005a61a64b1cd978e32940a0096b0390c2c26bdc7cc54b8db0e7d42c58c6a5acea68423908a51472c2a1b76b2b49ac5b01b83ea0121441988289c469cb92f4e5581d8d45d8d99f66579ed1457581712340b002a015058911175b8857ceeee53bb377a73740a6317dfcaf8821a2ac0065976fb5f53202585ff00d81f85180962bb6262a8990d1c4c80235848c1b818b3e04c992a2f128011198d82a02f28342b10b38bbb2830652bb0f358d09f38e165637dfa5f66bda2dacec2c3a2eb26f853f8be1e49648303e2218511607a0b69744b67d51e7918dec2c99865aa85f64bc9c916291f88bc4af16328c988f7fa9e05f9946c6371a328396d978b7042958518bcf8ea01ec338e5e00adcac0caa353d516c21e10387311b4e828f4ccacf2861b8eae6fb736a5f0c321045cdfd977711fb6acac3459e995474bf4e2824360204205c33251e2d650f154add2f32f442a90a757ca8098a6072c56ad18d42c5a055dbe1894458ce4254a30192cdbb8e58529b436338890acb933089dc34624324c623c0b000cfa1776b275530cf327d589ee91452daf1f12864ce3ea60c2a2d4c82784d6efb31620521624f11dd0c2c1d8c3dacc45622cbf8200e9bdc9de5c71dfc383660881f5300e85e48544be63b3d6f4602ed2222147c1406ac06d8de4312fd2b199230198a320c7e7c7e5b9756d4d58cbd05d9e6be594a528882274394e626aa72c752dfe1dbee040dc201a110865de67af1d5fe7a93ed106defb3a00838ec52584222d576c3de6e2bc223801b1971183c33a9307f397884bd29b175003d6cd70a120640efc8c444b055b0cfdf2d324b75c6bf4b318432129826ae50e761c4296e00cae096ac428bf31e05921965bf391b5c8f93f0cadd3b6ddf28a95d5e53da95e8250be2f102772f3f815cc18855daa9436608d8b1f2be0665f340469787994201945896c0e4b11de2baee20c0516cd0915756a9cc376ae0e6ecafd65266d7e5609518b1e3dc42d0c7522dd3975903556d54417d4acc16262f6f1315550b7c456f066061003c783d02bdd06262d6956c6c9c969a97f5927626dbdd7220dc47cca3984c5546e90453bdb83f408b60982eeb16e03cc32030f6f265e201e94cdf426c46660c9a25aaa5ad30b759c820eaf7220238ae25c00707ad4a3d0dca55bfb2152fb9b86c174b836a5ad6831a84176cdb2b6a057671103615f530ae92ec0fb723d388ed4199b972c18a8224e521c4452067862244b4360a15bb9cf42430bbc303f36d58e88535c2ec592e54543c820e25908ad1cb132ad9b22020b0a5d576752a2d75edcd494ac3954505d07ccc7672615f8854519b96135cec0546693ca41cb7a549bb118789ea0dca97f88703b75010f01928ea4553b70a304248a1255505d29cc43ca3c225ac572c1ccc0ca4bb48c6a9723dbb3d37584202e86364ccb049546a296cce6146a28b7cca84ececae32fbc2fabcf251d1465087eac81ea90dc671a5d334281cd10430050f125f4a5a3ca34e23e49b737604c3505e21650227d02c665e31be2baf6e05b897cd4567f4803962a0f2ee7f44f8c12e85968effdbf24cd085f161acdf3fbcca64694551e062b5c6b428b1e8d0170b56e0854ad10678e26796e55fee0a02f3a4ef799c45122997b68ec134efb1971dcf8c255991b906fd640bc08ad418794621d195ee150f41b4aae58f6c983982d2c3d17c68d920d00e4ea2ab1a97c42e66da47a99e7be6a8989639c3921ae0dbe561ee6a16fd0747e5987a57e351515ef8afc7481ff00441cff00d0a24e88704174406d7a5b0b9263ca12ca7ccd86457642d0b7420d32336d655aaec07bcf23172744577892af56979072a86d23c8dd5a6c2cd797118d4cd95618170436b603925c774170c60af42cac4d2e2e88bb65bfbd259151a3e44d2aa7fa9904992220134713d9912e738fde411019393d2f511165adc215ef8c76b31a24bc4573c90fce283ea2556363cf6d90185547bbca5e90a7af7fea7334867d35109434d0bcba5740074e8c0c8dbc15095d600ff408e9d792dd423f58db639354f6b3e38c2d8b1c8100e0fe8091f383ba6b0eddaa93637f09e04a9c7dbffa17531cd740e24adb6f9a0f6b0ff8e1b982fd24025bbcf327b07cc1fe82560b8209a9754ec2dfc90633593cb9da23850ae63d89ff009d5bc31e445e09f6fef67224786c7fa06972c86f3ca428f4e98c00b5a0ee27b2f93172dd806bfa0ec879e411b957fe4c226cb09b6215b1de564eccacfe85765ab15144c36a59ddad4d8d1b9322d4a7f43fc0f47d7ff8f5177cff004519bb87f0a7f48fffda000c03010002000300000010f3cf3cf3cf3cf3cf3cf3cf3cf3cf3cf3cf3cf3cf3cf3cf3cf3cf3cf3cf3cf3cf3cf3cf3cf3cf3cf3cf3cf3cf3cf3cf3cf3cf3cf3cf3cf3cf3cf3cf3cf3cf3cf3cf3cf3cf3cf3cf3cf3cf3cf3cf3cf3cf3cf3cf3cf3cf3cf3cf3cf3cf3cf3cf3cf3cf3cf3cf3cf3cf3cf3cf3cf3cf3cf3cf3cf3cf3cf3cf3cf3cf3cf3cf3cf3cf3cf3cf3cf3cf3cf3cf3cf3cf3cf3cf3cf3cf3cf3cf3cf3cf3cf3cf3cf3cf3cf3cf3cf3cf3cf3cf3cf3cf3cf0853cf3cf3cf3cf3cf3cf3cf3cf3cf3cf3cf3cf3cf3cf3cf3ce00810f3cf3cf3cf3cf3cf3cf3cf3cf3cf3cf3cf3cf3cf3cd28c1498002cc3cf3cf3cf3cf3cf3cf3cf3cf3cf3cf3cf3cf3830602632023c230538d3cf3cf3cf3cf3cf3cf3cf3cf3cf3cf34a3cda4f3cf3cf3cff008294f3cf3cf3cf3cf3cf3cf3cf3cf3cf38224308838e3813890a0a073cf3cf3cf3cf3cf3cf3cf3cf3cf3ca2af24234b28e851100a025cf3cf3cf3cb3cf3cf3cf3cf3cf3cf3cc1210072a698603f7ca28f3cf3cf3cf3cf3cf3cf3cf3cf3cf3cf3856ca3cf3c709eb8fa9e3cf3cf3cf3cf3cf3cf3cf3cf3cf3cf3c917d1cf3cf0c488c1633cf3cf3cf3cf3cf3cf3cf3cf3cf3cf3cf2e800288e0ec84794e0533cf3cf3cf3cf3cf3cf3cf3cf3cf3cf3cf2ef1ca37c0d820d8573cf3cf3cf3cf3cf3cf3cf3cf3cf3cf3cf3c634755232e9c114514f3cf3cf3cf3cf3cf3cf3cf3cf3cf3cf3cf2c40e80462d424834f3cf3cf3cf3cf3cf3cf3cf3cf3cf34f3cf3cf18b16c84f3032072cf3cf3cf3cf3cf3cf3cf3cf3cf3cf3cf3cf2852c938d48d23914f3cf3cf3cf3cf3cf3cf3cf3cf3cf3cf3cf382287be52c13c938a3cf3cf3cf3cf3cf3cf3cf3cf3cf3cf3cf3c549726100730b3c90e53cf3cf3cf3cf3cf3cf3cf3cf3cf3cf3cf2578d10c3a490c20901463cf3cf3cf3cf3cf3cf3cf3cf3cf3cf3ca74d1cda852cf28830d2173cf3cf3cf3cf3cf3cf3cf3cf3cf3cf10c38c14934f1c71cd149b9f3cf3cf3cf3cf3cf3cf3cf3cf3cf3427cd9440003c620b20131cfcf3cf3cf3cf3cf3cf3cf3cf3cf3c53dd7c13c5bcd38f3840415ed3cf3cf3cf3cf3cf3cf3cf3cf3cf20096248b58326da85383b853cf3cf3cf3cf3cf3cf3cf3cf3cf3cb0cd29938f99e086107bcb1cf3cf3cf3cf3cf3cf3cf3cf3cf3cf3cf2cf80b18a0850d95703cf3cf3cf3cf3cf3cf3cf3cf3cf3cf3cf3c03856463cf00d69b08f3cf3cf3cf3cf3cf3cf3cf3cf3cf3cf3cf1ac3146dd2ca48b916fcf3cf3cf3cf3cf3cf3cf3cf3cf3cf3cf3cf1c93cdfcb55338b3cf3cf3cf3cf3cf3cf3cf3cf3cf3cf3cf3cf3cf3cf3cf1cf2c73cf3cf3cf3cf3cf3cf3cf3cf3cf3cf3cf3cf3cf3cf3cf3cf3cf3cf3cf3cf3cf3cf3cf3cf3cf3cf3cf3cf3cf3cf3cf3cf3cf3c73cf3cf3cf3cf3cf3cf3cf3cf3cf3cf3cf3cf3cf3cf3cf3cf3cf3cf3cf3cf3cf3cf3cf3cf3cf3cf3cf3cf3cf3cf3cf3cf100cb30d3d4f3cf3cf3cf3cf3cf3cf3cf3cf3cf3cf3cf3cf3cf3cb248c702cf3cf3cf3cf3cf3cf3cf3cf3cf3cf3cf3cf3cf3cf3cf3cf0cc9ef3cf3cf3cf3cf3cf3cf3cf3cf3cf3cf3cf3cf3cf3cf3cf3c63753cf3cf3cf3cf3cf3cf3cf3cf3cf3cf3c73cf3cf3cf3cf3ce381dcf3cf3cf3cf3cf3cf3cf3cf3cb3cf3cf3cf3cf3cf3cf3cf38d2cd3cf3cf3cf3cf3cf3cf3cf3cf3cf3cf3cf3cf3cf3cf3cf3cf2c714f3cf3cf3cf3cf3cf3cf3cf3cf3cf3cf3cf3cf3cf3cf3cf3cb0cf3cf3cf3cf3cf3cf3cf3cf3cf3cf3cf3cf3cf3cf3cf3cf3cf3cf3cf3cf3cf3cf3cf18f3cf3cd3cf3cf3cf3cf3cf3cf3cf3cf3cf3cf3cf3cf3cf3cf3cf3cf3cf3cf3fffc4001a110002020300000000000000000000000001800011215060ffda0008010301013f1076e26806f412f7201200500c210c26625f8a2040a2e08709852dffc4001d110001040203000000000000000000000001113140605080304170ffda0008010201013f10ddb32c4181a4163102811138c0201ea700256940d230e70041762025488361e4810a2d9ca3f8067852b8b0e6096c304e90aa4e9d18998bbfbfffc400261000010207000104030100000000000000011011002021303150604041516170718190b1ffda0008010100013f10fed31e61368b47185055f9c3abb3dbe7edbaae5046f2fedfee6d9f0bb2f90c6a8338feaffbeff49fe2eee9c8857a9a36f7fc0b5566dbb4a26f9e5de8dcf55ec6cd79ddbbf2abeff82ea313c771f76cce3b0cf81b920de6b7ff00dc4298c446aff7f5a7aeb0f87ef342af08c0c6347ff4ce801bb6ced780f0af645723ba925fc8e33ab7cba2cdb808000bbd59ee7f697b3b4d9f89f09e670f87a556f4f7c092469fbaaffbbac3f1758d5eed1625b72fb21641b51b191eed556dcff86d90d3c11b15c902d5dd905f9aecab7cf90683febda523bfff00dbb17f1949ae5cf9bab8fde6a0ea14085202c86e5a733e686f64ac3c0d73bb75bf4dcf2c7e2bfc0a7f631baded2427f24e632dc35097f8786b01f011ff0059b5e72ff8b9514dbeda3737f57abfcfff000d8bd292fd0e9bebfe667db06ba44f75b22afae8b238ddef6a2a3f2333b90ca3e6ee8884392c00f09dab31c46eb6b06ba1ff0057b7db86995c7ea0f6fd649afe3e55af442fdf5022ea39e0654a97f05862485c95b4bd9df88b95be729df71672c41202b47edc529ab36d9f8cbe7ee8d7ef737d1c31794be83699f101d4fd6fece2076448cb93713befdf3ecb09a23193c36200e5a1541ff9a6e77c0f1b41b3fdadfe1c65b3df3071bd857f7fa7e270e36fef599dd6d539b4bf6b1fa6b7c1af52ff00e96e53d053947e83bffbf72693df3f01d850fdfc7faef3bbff00c1e9f29d492e27b2d47aefbcd64ddfe684d2bb7b76cedbf382ea83ca11cae160bd96dc7556e7ddfe4e5fb9c85c754b7fbfba5d2c99b0c350e19a880dc0c3756d5cfdd7fec57ed43ae3e52f65af8de451af457fbbb7f2edfbbdcbe7d28f021fba7232b1ad2031397c90f9e7e3defb67d96ebf28243b5b57b939e86bfb78e0fddc86fac59fadfcd7e632ddcecd2defd7a49a6e47af6e939e247bf0c9f1c866eb9f5162fef5627dff0049f7fa33b349c9d8e3cdceabd01c119cba2fc19d5e5203f5da5cad5b3728be9a1f8456f6eefe6ff62f9ecf0f7aa03f17e1c101debd75fbf4f19b8dfb884e297e733753e97aa98d9ffe1cae87cfcd6e0543984badf40ef3bd0b3e7f3670d9dff42903e48be547ff00ff00facdbdd93a5526e71a3a78690be7ce0d134d556533c37b165ad4c19f5a37b4e26ff45a6343ea161deec6b39ffe271aeb27777b75d64285b8f2fcbdb10e362fff00789d993039ad9ffa637ea6f0eb339e0e77f1f5eefd687fc1a9c5eec1430e8fe5aa2c5663eb76ccf71f1a965b73371573f4b83fbd919fdc9a9f05a24a460a1c7db84d8623dacf3f37efbc4fa7039f525e7320f82df87dfa1791011182ae532b17b8d63c7bf337d0d9efba1c1bd95cddc1fab96e7aa234764e169b9314fec27ef63bca329b53407599e7c8272d4f92d25e9bb383ba7dff004b3cfe3fd15ddfd11ce3e359d132f95f667a16679a3b4d9e4857f73b32d71c9f8869e30977896da486b5ce084a702824ff005dfcbe323bbb2975cc4ca62a5f1c4ddf976e3dfb6edc6d209d1c4ba8cf0d6cbb0c91cce32016ccfbb7f1aa1f0ddae9727d7c8f670fceed5a45e159c5103085cf6fdc5dbedfb0f3ef5f8cc1b57a4efa6d92ccff00910f6dd277b4ce1f3d77fecbf6e262397e1246e36f30b4c7bd30b2fddc475ec376ec1602b6d7d11540cecfa6dfb79fc66f75d2aef67d58b58b729dc21a3ffb7ffdf3fbfed9eaa258939f9fb439f999cc96cd7cfa238e7ecf7c437ad953d099a56ecd339ef23dc1fb593292419f09a776b18fe05993b1dd6ef6c7a2b36cdbdf57e16048a1be66bffd469b3ff3ea7d9bd3729a9b7fb3d9f16d9bb7a8efeea62ee77bbec8924367567f2c7f409f9f3ed58a0d6f067e3ad5a3f415da03a369b8fe6f5ee9b9e3f07e4689732c3b06092e7ed0d471a665d563292fdb7a7b599f0cfcae71b677e3fd2dc5f98b9f9b33e7afdf3feac2f86bfb67accfff005c99b2f95e9f7a7d9d434912c04117beb45eb7ab78fb4c1d6ef6b3c62a46f92cfa8d21bece6a57ecdeab4f78ac3365d6ee463ae4d61af3d348284f47c2d815818c81cfc1902a675de3d9c9754b126b847e994d3518632d18c5696dd75d85f55af04a2de8f5bdc2feff00f133fef3659d9b69c97cd5332785c1f3fa0275afabbca3c4f8be7b74c87e7cdeee297fc99fdd327f96eed99540bcee272435b6aca5fcfdc30eddf34d661bfef9ecc63a7736e74bf18962bf2af3624e9a9eb2e36b047b3eff00634d73ba60d987ead7a7a7ed20ee9df47da00fec7adbbb39ccc99aaf663cb1e59bf724e575c97b75975fcd3d276de947c0efbbdeee53dfb0d7f877ab3bfcbdcaa1feb7c8d8bf74a1fe74e7a3ea74576f13c7dc1fbbb72d37d36f35b5b1a36d7fd6f9029e7ffbeff61b6e67dd88c4534fdddfb2e69843be2e7cdc3e899426f9a5ad4381d347e90fdbbdbd39db89bd5c0807a5ae5e9eb17972aa7d6bc12380af4e76f55b6b5b2f337b469ca47be5ba6fcb4733e376442458c496ff00fd866767e3bdefe3d69beb8d02fafe437eb3bcbe0d1d7ff3bfd36894f67315368fdd09b7b677a9a94e0c725f9a76d57ad994e7f0209fcdb4e62ed75c2269f114b0bd154f7fe67fde2846f36297c9497afb8b57978d505ba161be7a4da2bbadccf7feeaefb27664fc57ed94db5ca8391efec87578ec7a7393f0aa3aeead1ffbff008cd99395ad176c2fab1b39efd4038afb1eb61dc1763fff004b94f8a452ef79a2d8efbddfef2e4ccbee4ef3ec173f6e8fcdaf9fbf21f89a705c11cc69f950aed8ee19c829f654e718003f97ad7f94705cf3c5f11bc5cf7c5bc7ebc6aa88b33fa3707fa38ee36082f2ff004ef7f56f9fb397f3e1d55bd13cff00fc8a5b5e41eaa173db1fb7bfbffc716cc7e6c3ab1aa35e66aa3be51fcb4a75afa8d07acd949d52b8c52fa8455feb2ae57659d70455cda75b9d95765677e7c4742e537da570d21ffc40d31e03e553a0e71376dfbde5f7e75065a7e68b67139d7c75ef8e9fa25f974cba7b9c5e015fc96854ecba8b9fa66f7f2662fb3cd7ecc9ce0036bce4cee05cbf767b277a9bf8f4f3865115bbead4c38dd9cf17ddf3acb7b83cfd8238d095cd14e8268ce7a477777f57bc07bd7b02f9cfba99cca1505d49059673a2fefbadf87d61c9ff005bdcae706f75e57fd0a87024370b866d1cf1487af37e34d133c75c09136ee2ff009a7c2bf07d10b5bfc9ff0025e72f1dec1bbef15eeaebdb7b722a849b8fd78b631d64bfecd773d55599bbe03532f6bfaa3f024d9b00a4cb2da68bcf4c8a9fd00e72eca227383c416659765bb33ba5fbe1e8fdd7b814f2d7ac0ec69afd48416dd9dbd89360f8ed7bdb8e4596a3fe35609adefb3f3804b3694c2f46505e63b60be0e54ff9462f9b6e70ce6086a528a02d85854a628aeb23dec8dabf5f65fa7c3d6bf9278d6daf2e7191c06d6ce6e93df6af8662de6f51325ec6e8d27d408ed6826906485efdafeccab58d589fff00a34e5393a0903002e3d04b819df032c70a38e42f13bbd3bf6e3df9b9fd0dc602d1bff86bf746d911b08c54787d3b7a4b8dd224ef84741e3eff0007ad2b831805cf59b16bc9b29abb7c61953bc206cbddcdd52656e0cf820727ed4b9c02b887fe273c963d6b9ef29760285b4625c4f058538b3aac0b9bf0e4f8dceb8dc2acfdefa62fda7bf9ea19f8fc1928f6fb97bf3fb8fc6792bfffd9);

-- --------------------------------------------------------

--
-- Estructura de tabla para la tabla `subtitulo`
--

CREATE TABLE `subtitulo` (
  `id_subtitulo` int(20) NOT NULL,
  `idioma` varchar(10) NOT NULL,
  `autor` varchar(20) NOT NULL
) ENGINE=InnoDB DEFAULT CHARSET=latin1;

--
-- Volcado de datos para la tabla `subtitulo`
--

INSERT INTO `subtitulo` (`id_subtitulo`, `idioma`, `autor`) VALUES
(45, 'español', 'linaVera');

-- --------------------------------------------------------

--
-- Estructura de tabla para la tabla `temporada`
--

CREATE TABLE `temporada` (
  `id_temporada` int(20) NOT NULL,
  `fecha_pro` date NOT NULL,
  `fecha_estreno` date NOT NULL,
  `id_serie` int(20) DEFAULT NULL
) ENGINE=InnoDB DEFAULT CHARSET=latin1;

--
-- Volcado de datos para la tabla `temporada`
--

INSERT INTO `temporada` (`id_temporada`, `fecha_pro`, `fecha_estreno`, `id_serie`) VALUES
(12, '2015-02-02', '2016-02-07', 77),
(13, '2015-02-02', '2016-02-07', 78);

-- --------------------------------------------------------

--
-- Estructura de tabla para la tabla `user`
--

CREATE TABLE `user` (
  `id_usuario` int(14) NOT NULL,
  `nombre` varchar(20) NOT NULL,
  `apellido` varchar(20) NOT NULL,
  `correo` varchar(30) NOT NULL,
  `fecha_nac` date NOT NULL,
  `contraseña` varchar(10) NOT NULL
) ENGINE=InnoDB DEFAULT CHARSET=latin1;

--
-- Volcado de datos para la tabla `user`
--

INSERT INTO `user` (`id_usuario`, `nombre`, `apellido`, `correo`, `fecha_nac`, `contraseña`) VALUES
(123, 'admi', 'admi', 'admi', '2019-11-21', '789'),
(753, 'Lina', 'vera', 'ñp', '2015-04-04', 'ñp'),
(789, 'Claudia', 'dgh', 'claudia@gmail.com', '2015-05-03', 'ho'),
(10100, 'Lina', 'Vera', 'lina@gmail.com', '2000-12-01', 'lina');

--
-- Índices para tablas volcadas
--

--
-- Indices de la tabla `actor`
--
ALTER TABLE `actor`
  ADD PRIMARY KEY (`id_actor`);

--
-- Indices de la tabla `calificacion`
--
ALTER TABLE `calificacion`
  ADD KEY `calUser_fk` (`id_usuario`),
  ADD KEY `calSerie_fk` (`id_serie`);

--
-- Indices de la tabla `capitulo`
--
ALTER TABLE `capitulo`
  ADD PRIMARY KEY (`id_capitulo`),
  ADD KEY `id_temporada` (`id_temporada`),
  ADD KEY `subCap_fk` (`id_sub`);

--
-- Indices de la tabla `critica`
--
ALTER TABLE `critica`
  ADD PRIMARY KEY (`id_critica`),
  ADD KEY `criUser_fk` (`id_usuario`);

--
-- Indices de la tabla `favorito`
--
ALTER TABLE `favorito`
  ADD KEY `favUser_fk` (`id_usuario`),
  ADD KEY `favSerie_fk` (`id_serie`);

--
-- Indices de la tabla `genero`
--
ALTER TABLE `genero`
  ADD PRIMARY KEY (`id_genero`);

--
-- Indices de la tabla `personaje`
--
ALTER TABLE `personaje`
  ADD PRIMARY KEY (`id_personaje`),
  ADD KEY `perActor_fk` (`id_actor`),
  ADD KEY `perCap_fk` (`id_capitulo`);

--
-- Indices de la tabla `serie`
--
ALTER TABLE `serie`
  ADD PRIMARY KEY (`id_serie`),
  ADD KEY `serGene_fk` (`id_genero`);

--
-- Indices de la tabla `subtitulo`
--
ALTER TABLE `subtitulo`
  ADD PRIMARY KEY (`id_subtitulo`);

--
-- Indices de la tabla `temporada`
--
ALTER TABLE `temporada`
  ADD PRIMARY KEY (`id_temporada`),
  ADD KEY `SERIE` (`id_serie`);

--
-- Indices de la tabla `user`
--
ALTER TABLE `user`
  ADD PRIMARY KEY (`id_usuario`);

--
-- AUTO_INCREMENT de las tablas volcadas
--

--
-- AUTO_INCREMENT de la tabla `critica`
--
ALTER TABLE `critica`
  MODIFY `id_critica` int(5) NOT NULL AUTO_INCREMENT, AUTO_INCREMENT=5;

--
-- Restricciones para tablas volcadas
--

--
-- Filtros para la tabla `calificacion`
--
ALTER TABLE `calificacion`
  ADD CONSTRAINT `calSerie_fk` FOREIGN KEY (`id_serie`) REFERENCES `serie` (`id_serie`),
  ADD CONSTRAINT `calUser_fk` FOREIGN KEY (`id_usuario`) REFERENCES `user` (`id_usuario`);

--
-- Filtros para la tabla `capitulo`
--
ALTER TABLE `capitulo`
  ADD CONSTRAINT `capitulo_ibfk_2` FOREIGN KEY (`id_temporada`) REFERENCES `temporada` (`id_temporada`),
  ADD CONSTRAINT `subCap_fk` FOREIGN KEY (`id_sub`) REFERENCES `subtitulo` (`id_subtitulo`);

--
-- Filtros para la tabla `critica`
--
ALTER TABLE `critica`
  ADD CONSTRAINT `criUser_fk` FOREIGN KEY (`id_usuario`) REFERENCES `user` (`id_usuario`);

--
-- Filtros para la tabla `favorito`
--
ALTER TABLE `favorito`
  ADD CONSTRAINT `favSerie_fk` FOREIGN KEY (`id_serie`) REFERENCES `serie` (`id_serie`),
  ADD CONSTRAINT `favUser_fk` FOREIGN KEY (`id_usuario`) REFERENCES `user` (`id_usuario`);

--
-- Filtros para la tabla `personaje`
--
ALTER TABLE `personaje`
  ADD CONSTRAINT `fk_actorper` FOREIGN KEY (`id_actor`) REFERENCES `actor` (`id_actor`),
  ADD CONSTRAINT `fk_capituloper` FOREIGN KEY (`id_capitulo`) REFERENCES `capitulo` (`id_capitulo`),
  ADD CONSTRAINT `perActor_fk` FOREIGN KEY (`id_actor`) REFERENCES `actor` (`id_actor`),
  ADD CONSTRAINT `perCap_fk` FOREIGN KEY (`id_capitulo`) REFERENCES `capitulo` (`id_capitulo`);

--
-- Filtros para la tabla `serie`
--
ALTER TABLE `serie`
  ADD CONSTRAINT `fk_genero` FOREIGN KEY (`id_genero`) REFERENCES `genero` (`id_genero`),
  ADD CONSTRAINT `serGene_fk` FOREIGN KEY (`id_genero`) REFERENCES `genero` (`id_genero`);

--
-- Filtros para la tabla `temporada`
--
ALTER TABLE `temporada`
  ADD CONSTRAINT `fk_serietem` FOREIGN KEY (`id_serie`) REFERENCES `serie` (`id_serie`);
COMMIT;

/*!40101 SET CHARACTER_SET_CLIENT=@OLD_CHARACTER_SET_CLIENT */;
/*!40101 SET CHARACTER_SET_RESULTS=@OLD_CHARACTER_SET_RESULTS */;
/*!40101 SET COLLATION_CONNECTION=@OLD_COLLATION_CONNECTION */;
