-- phpMyAdmin SQL Dump
-- version 4.9.0.1
-- https://www.phpmyadmin.net/
--
-- Servidor: 127.0.0.1
-- Tiempo de generación: 26-11-2019 a las 12:32:35
-- Versión del servidor: 10.4.6-MariaDB
-- Versión de PHP: 7.3.9

SET SQL_MODE = "NO_AUTO_VALUE_ON_ZERO";
SET AUTOCOMMIT = 0;
START TRANSACTION;
SET time_zone = "+00:00";


/*!40101 SET @OLD_CHARACTER_SET_CLIENT=@@CHARACTER_SET_CLIENT */;
/*!40101 SET @OLD_CHARACTER_SET_RESULTS=@@CHARACTER_SET_RESULTS */;
/*!40101 SET @OLD_COLLATION_CONNECTION=@@COLLATION_CONNECTION */;
/*!40101 SET NAMES utf8mb4 */;

--
-- Base de datos: `neplix`
--

-- --------------------------------------------------------

--
-- Estructura de tabla para la tabla `actor`
--

CREATE TABLE `actor` (
  `id_actor` int(20) NOT NULL,
  `nombre_real` varchar(20) NOT NULL,
  `nombre_pers` varchar(20) NOT NULL
) ENGINE=InnoDB DEFAULT CHARSET=latin1;

--
-- Volcado de datos para la tabla `actor`
--

INSERT INTO `actor` (`id_actor`, `nombre_real`, `nombre_pers`) VALUES
(34, 'agente', 'agente005'),
(45, 'fr', 'frlññ'),
(46, 'lllol', 'lili'),
(47, 'kok', 'kiki');

-- --------------------------------------------------------

--
-- Estructura de tabla para la tabla `calificacion`
--

CREATE TABLE `calificacion` (
  `id_usuario` int(20) NOT NULL,
  `id_serie` int(20) NOT NULL,
  `valor` int(5) NOT NULL
) ENGINE=InnoDB DEFAULT CHARSET=latin1;

-- --------------------------------------------------------

--
-- Estructura de tabla para la tabla `capitulo`
--

CREATE TABLE `capitulo` (
  `id_capitulo` int(20) NOT NULL,
  `titulo` text NOT NULL,
  `sinopsis` text NOT NULL,
  `duracion` int(4) NOT NULL,
  `id_temporada` int(20) NOT NULL,
  `id_sub` int(20) DEFAULT NULL
) ENGINE=InnoDB DEFAULT CHARSET=latin1;

--
-- Volcado de datos para la tabla `capitulo`
--

INSERT INTO `capitulo` (`id_capitulo`, `titulo`, `sinopsis`, `duracion`, `id_temporada`, `id_sub`) VALUES
(53, 'cap 53', 'Cap 53\r\n', 52, 13, 45),
(55, 'Cap1\r\n', 'Cap1', 55, 12, 45),
(96, 'cap 96', 'cap 96', 45, 12, NULL),
(1234, 'cap 1234', 'cap 1234', 123, 12, 45);

-- --------------------------------------------------------

--
-- Estructura de tabla para la tabla `critica`
--

CREATE TABLE `critica` (
  `id_critica` int(5) NOT NULL,
  `comentario` text NOT NULL,
  `fecha` date NOT NULL,
  `id_usuario` int(14) DEFAULT NULL,
  `ids` int(20) DEFAULT NULL
) ENGINE=InnoDB DEFAULT CHARSET=latin1;

-- --------------------------------------------------------

--
-- Estructura de tabla para la tabla `favorito`
--

CREATE TABLE `favorito` (
  `id_usuario` int(20) NOT NULL,
  `id_serie` int(20) NOT NULL
) ENGINE=InnoDB DEFAULT CHARSET=latin1;

--
-- Volcado de datos para la tabla `favorito`
--

INSERT INTO `favorito` (`id_usuario`, `id_serie`) VALUES
(753, 77),
(10100, 78),
(10100, 77),
(753, 77);

-- --------------------------------------------------------

--
-- Estructura de tabla para la tabla `genero`
--

CREATE TABLE `genero` (
  `id_genero` int(19) NOT NULL,
  `genero` varchar(30) DEFAULT NULL
) ENGINE=InnoDB DEFAULT CHARSET=latin1;

--
-- Volcado de datos para la tabla `genero`
--

INSERT INTO `genero` (`id_genero`, `genero`) VALUES
(1, 'Accion'),
(2, 'Aventura'),
(3, 'Animacion'),
(4, 'Comedia'),
(5, 'Documental'),
(6, 'Drama'),
(7, 'Horror'),
(8, 'Musical'),
(9, 'Romance'),
(10, 'Ciencia ficción');

-- --------------------------------------------------------

--
-- Estructura de tabla para la tabla `personaje`
--

CREATE TABLE `personaje` (
  `id_personaje` int(5) NOT NULL,
  `rol` varchar(50) NOT NULL,
  `id_actor` int(20) DEFAULT NULL,
  `id_capitulo` int(20) DEFAULT NULL
) ENGINE=InnoDB DEFAULT CHARSET=latin1;

--
-- Volcado de datos para la tabla `personaje`
--

INSERT INTO `personaje` (`id_personaje`, `rol`, `id_actor`, `id_capitulo`) VALUES
(23, 'agente005', 34, 96),
(24, 'agente004', 34, 96),
(26, 'agente006', 34, 96),
(27, 'agente007', 34, 96),
(74, 'eset', 45, 96),
(79, 'eset', 45, 55);

-- --------------------------------------------------------

--
-- Estructura de tabla para la tabla `serie`
--

CREATE TABLE `serie` (
  `id_serie` int(5) NOT NULL,
  `titulo` text NOT NULL,
  `anio_inicio` int(4) NOT NULL,
  `sinopsis` text NOT NULL,
  `id_genero` int(20) DEFAULT NULL,
  `imagen` varchar(100) NOT NULL,
  `img` longblob NOT NULL
) ENGINE=InnoDB DEFAULT CHARSET=latin1;

--
-- Volcado de datos para la tabla `serie`
--

INSERT INTO `serie` (`id_serie`, `titulo`, `anio_inicio`, `sinopsis`, `id_genero`, `imagen`, `img`) VALUES
(77, 'Serie 77', 215, 'serie 77', 1, 'D:\\Desktop\\img\\75362259_173931517093383_63122958255652864_n.jpg', '');
INSERT INTO `serie` (`id_serie`, `titulo`, `anio_inicio`, `sinopsis`, `id_genero`, `imagen`, `img`) VALUES
(78, 'Serie 78', 215, 'serie 78', 5, 'D:\\Desktop\\img\\75362259_173931517093383_63122958255652864_n.jpg', 0xffd8ffe2021c4943435f50524f46494c450001010000020c6c636d73021000006d6e74725247422058595a2007dc00010019000300290039616373704150504c0000000000000000000000000000000000000000000000000000f6d6000100000000d32d6c636d7300000000000000000000000000000000000000000000000000000000000000000000000000000000000000000000000a64657363000000fc0000005e637072740000015c0000000b777470740000016800000014626b70740000017c000000147258595a00000190000000146758595a000001a4000000146258595a000001b80000001472545243000001cc0000004067545243000001cc0000004062545243000001cc0000004064657363000000000000000363320000000000000000000000000000000000000000000000000000000000000000000000000000000000000000000000000000000000000000000000000000000000000000000000000000000000000000000074657874000000004642000058595a20000000000000f6d6000100000000d32d58595a20000000000000031600000333000002a458595a200000000000006fa2000038f50000039058595a2000000000000062990000b785000018da58595a2000000000000024a000000f840000b6cf63757276000000000000001a000000cb01c903630592086b0bf6103f15511b3421f1299032183b92460551775ded6b707a0589b19a7cac69bf7dd3c3e930ffffffe000104a46494600010100000100010000ffed003650686f746f73686f7020332e30003842494d04040000000000191c02670014476a496c726f306e4c375866445853727330764100ffdb0043000303030303030404040405050505050707060607070b08090809080b110b0c0b0b0c0b110f120f0e0f120f1b151313151b1f1a191a1f26222226302d303e3e54ffdb0043010303030303030404040405050505050707060607070b08090809080b110b0c0b0b0c0b110f120f0e0f120f1b151313151b1f1a191a1f26222226302d303e3e54ffc20011080305022803012200021101031101ffc4001d000100020203010100000000000000000000060702050104080309ffc4001801010101010100000000000000000000000002030104ffda000c03010002100310000001f54800000000000000000000000000000000000000000018663000000006600000000000000000000000000000000000000000006198c0e0e79e00e4e01980000000000000000000000000000000000c330000000000030066303330066c0660000000000000000000000000000000000000000000000000c198c198000000000000000000000000000000000000000000000000000000000000000000007c4fb2b6b0cfb3019b1f99f66a35c4a188c8000061c990000000000000000000000000000000000001a136955fca3d2d948e89be65ce9ec1edd2175e4b39a6e1aaec9f3b66a2b6cc800003033619801866000018e400000000000000000000000000634f5a902308b6e2dc9569597a63cc258ba9d67731aef4efa5b0d276d5559b07a49e638e54007ccfa6300861796341fc65e8379da5d4b79acd819800000000000000000000000000000000876cf412c2b9b52b3b30e3ccbe86f3e66dacde2d2ccae4df7d342358f9dc9d5dce800c428fbb3c9b2b736d45f7f1abf7ef49cdcdfc3243dc550f6ffd6a4a9f58650b9a6d2000000000000000000000000000000057f2f88cb4835975a596757cbbeaac65e77c7e3721a0b2f2ca8063d0aee030906abeba4cb499d2f2fee919ddd89219543d3bbbe74f3afc3d2bd55527b8fb41a66c4f4346647eacf3000000000000000000000000000000041247d6e91a3b2abbb106390a427520d89f43e66146f56cb943b4b3d8a79768cfd31eccd69e611e982b73bed77774c7b3ddc7b773d6cbe9dab9f947661c1535b703eb7563b1cac000000000000000000000000000001d285cf6be30b22adb48029f9dc93838a5ae0a05cb5bb3ddeb637ab804b2258e9a0d974b6535f29e41658995ba3f4d276fb1d76db49ecf3f3cb49ebfd32e91f0a9aded1635f69679c3d1fb48500000000000000000000000000000c6bab16bf3a168d63670044e490497154cb2b5baf37df5fdbf8cdc235735886370097c514dd4aa23b49581f6abb6da4ce763aadb54edb2d2674dd75be7f04f5ba9aef863a563e83aa7bdb676d8d000000000000000000000000000002b5b2a02742cdaaad50003cf36c5436463522e3afd2cdb5a6b61baaaac2d1b65ae71bd4cf5d6875732714a47bd15d2ea1bbca36659a6fa7ca399e9b4c74bd39ad9695c6d8fa0733600000000000000603300000000000002bab16ba34f6ed4f6b4b21487c8fb391e6a9bc4be7e7ab1f4fa485cd59173ebf65e8cc28001839c4d779bbd3fa8cd52a19f7c6b67aee96a674dc4a698b876cfd14369000000000031e019e033603300000000000002b9b1a0475a7513dd4b7c28052704f4bf8ff1a9a7c7a1279af4464c7d19e4c393200d31a6f30e57de35f2b3e17bb4f1e54f5dd5b35e75cb47b19abc23d00dae99fb2bb3f1fb6c000000006067800000198000000000000113966b88ff004be1a72dd0018f9c3d23d43c872d83e931d3dd5a1dae8af3f225b3b0d043d2df4adac7d1956766694a3faff6d44a7d1f9cf489fc2fedf4cebcb372ee2b4a4f6c3ab7d01a4f685000000000060678071c81c8c80c33030336000cf006786600301a2dee0541a4e9c8b35d3ce19e8000d3787bd255d4d76e6b41cbf35fd5cddf10d26b1b96b7dd4acd8beeba446e47a082972f9efe1694b65d8d855b34eee96c9d11db8f1cb490000000003000007039066003066306789c00000001c73c157f5bbdd095b99619d003111cf3c7aaf89791b59e84ae251d98772ce554f3c9b55499b48696b80d9752a89e5241ab42b37d606f40dbef91600000000018031327039e32c4c330e5c0fa0000186630001c720380030159ee347604be5b9af25dd6da17aa80713952f6d9aaedc9f023dddd0f98e6bda108d75bf53d6eef9bb8a5eff7f3efca5ea985f96365352db3aa5d254dc77378fec3a9f480500000600000700c0e78073c004e6c47d8280000c198c003839e1a237b854f816dc5e19ba94024f636b3355bbbb13a535a6ece3dde5798fbb954bd58d37f3bfb46a7cb5abf66f8aa6ac293d4d3fdb143bbb3767f293561a324f0d9ce88f977b5b1e9ab365d51d91a3d579e837ad3261986000000e39f9e673c300039e12071c872e07dc28000001f3d079fcb834532924aaadc58791d0fa76faa71a9d86bf3afbf5361d14f7755842152a91d51bc4e8b472af9688e5bd5ef6652f8dc466ba2b9a2e735da767bed3ee673d7fc7ed252bede472534d54fe9dee4bbddfd977d32af56789edcadbd06e0ae5c721c0e5c01819b0247238e780e39000a04bee14000000d4ed8573f0b34566b30565f1b4c539d8b6782a5837a4e9f34d79d4b68cbbce548046ee4f28963c32acd8e736246767586939e8fa581705771cebcbd0559c6fb699cea74bd43bdf5e8c3aaa472faeac299956be3bb557b8798d492b4fa300723839a7012072e120a048039c803e814000000000000061475e1579a5b9eb1b4ccb00c3c73eb1f04a6c98a4c3ad39fc21563d56ad0d8710ef9afbab47174f4ad1edd4e6b6ceeed38746f185c41d95d95f4b8aafc85d9eb75f39b3fd29e3895e8f5c3e5f4aae58e472e390066e66b873c98e198c33001c872e066000000000000f8d445c6ac3bc7ce575bcf6519b2e033ba01878c3da7d03c239d99139ce2da9b02cb57973b7d9d5a761adfb775cf8e4f923abbcea765a777eda5ccbf7d1fe26f7155782b9b22ae9999472393d72ebb6fcc7b4abf426d3cf93b2c9e6b6e4b2959744b71f2ec2b0cc31643e7ce6306630663066000000000000286b07b9544af3f8eab693550433d491da9a6ec8afb764bfefe78c0f48f5bcfdd02fbac62dbf36b1393c01ca9f1b67b08a970b421e47777dbb5a55275f69b3557fd9b37694acbd5be54f69d2b5a4fd9b4d156c5ee8d74a53d6eb5f9354c4c3ed1f2e2fa687e54dfd55aaf9164cab1ca8000000000000000000000f9fd079e7732ee962fb767a91794dba55447b45a9f7f3d77137bf4e8bda2bd07f1a23ea4bab2df44d3b9dc577b7a9d36cfa528cdadd3fdf6f4f9f52591e35363e9b60ad6ebec7a2a9ea1d4cee578e9e54957a1f426deb4d1ecaa745ddebdfaa82426f8afea66fb3c9a0000000000000000000000003e751dbf5e426aee64477e7b9d1f5e6cb17a33895536a7ca4b487f5bbbac4d591b90c453c74ba9bf94deb9ecc80ddd73daee1d692c2a7854b72d41399a926a3b9ddd25eb1fcf1f74b4970a7c6233411892e434f17ca526d40000000000000000000000000aeec4accb2b2c039e050f60416cc94465315df914a464ba04eafafadd6cce3b2fa4b950adff00c7ba9d06efe1a44e7bfdf6855f6d5fc7684ef578eca95fd8dd2abd5ef3ed43664a0a01545ad525b8000000000000000000000000300ceb2b2a004f9f1cd39e052899f6d7af9d6cb5bbcf1554fcfbff005db4cc23bf01954b65f2ea6c26a4706b221753a9fa49f37233f5c76736d54ba1949bf7f552134913b3e2c4cfd2be0af6213b7cf9d2b3c398411cb720f3800000000000000000000000c00e1819c5251d54eb37b5e586052aab27b794a9aaebd47e4f77e35fef76731524f7abb7cea675d65b0a9c6655ded0d2ebf71a195990dfbf629b689c9a2aa974c615b44e5baeec20d17a4299f44aa6ff004f8f5aebe74aedbb50b77e98f1a33619800000000000000000186603033c78e0e78c09cf1e14a9acaad6658d4a38d76c3474761c7caa7eb86bf6935e72aa7db1f63c63abb7eaa9992767538a752b72ae94b2b6dbec6917b1f1d22b285c82bf9a9e7d6056b9d68d5913e955d704aba1494d65d5871f6f4975bb5a33603e8e3933603361998330603361c993019b019800000018e5803800c02429d2a2bd07a9946b754f7c31ab63b5e7a9b52e28eef282a7a4f2a6bb32b669ced41a9584526714a9ddf464a975351d6e9bbf3d05dbdb2969747e499f7bd3a824dfa9c7c22bf086dac0a62754d17a4e2f33da4e54039cb019f3f3ce6b9072c439e072e072e3900cc000000c0cf1e000070e470e4718e7c1e69ef5b7aa956da4916fcfa6f23f2996d3a539c7452de799feef3533b9bc3692f3bcfe5d5cca5f5ad8f1cd154ca369d34c8a136a68956959305b6347c6aab6879be6f32aba5209b5537553b4cd538f00033c06625833c06780fa718159b0cc03e80000018f00000071c8331833183311dae6e815ed840c721e22b06eca6716fb7d4c69c9de860f379ab277b06db71278176223d6bba1bdf59ed3d6ef94000c720c198f9b2c46198c33606783330090000a66c12fb8500000c33c039e0e72000000000000003a7d5db0ebd47720f3374bd49c4bce730b7c7cfe85000000006198c38e79317238c3e83e6cc60e78499e0a73c2a4cd35f4000000000000000000000000000000000000000000c3318331871cf01c8e1c8e1c8e1c8cc061998330000000000000000000000000000000000000000060cc60cc60cf019e198000061ce40000000000000000000000000000000000000000000000c066000000000000000000000057363454ac38e8d00af52593e58a60fd285536a271a4eeeaa88fbc9be9e2feeef57b4000000000000000000000000000000000000000000018f8cfd9de33945ec2edf595477b3ab6f3d54fe90aacb4cfcebfd03fcfdfd02362000000000000000000000000000000000000000000001e35f657900f4442a772f3c9f2bd8d5041bd795279fa6b63fa09f9e3fa214ef8480000000000000000000000000000000000000000000f19fb33c2e7ac66f059d18f9b7d2989e39afad6facd79fbf473f3d3df2494548000000000000000000000000000000000000000000c0f2bd11fa27f33c49eb792774fb030f2efa947e7c7ae7b92396fc500000000000000000000031c8000000000000000000005037f7974b5fb757c14f4aa8efa97e6544d9c56d78798ec227ddeaba48597b48b4a400000000000000000000000000000000000000000042a6a2bce6c215ef3608aea4722156ed27c201d7b1c6a36e0000000000000000031c80000000000000000000000000000000000000000000001c720000000000000000000000000000000000000000000000000000000000000000000000000000000000000000000000000000000000000000007ffc40035100002020102040404050304030000000003040205010006111213141015215016202231232425354032333417307090364143ffda0008010100010502ff00b0c9cf108fc554dcf1cf363c78e8cea8b6817552ce7dec8518a0530b71b8c725d330daf55cb9dad55c3c96e00dcb6f5772f972d6840edda342195b6ed9629f26adb1fe363d8ec6c17ac5435cddb4ab98eded9e2b0bd75759c08b04fd7d36e2e9032b1eef51b36ec74642beac572b0175c7f99dddef30862eefaf2cbb300f6998d0abdbfd99ee6ac01b4f315aa94c9271d0d56ef74d2232c0921c81b91d633aa6acf2c5bde1a2f457db21c868941e1edcbe0e3e20de2aaf6984973581a09b137e582b921c4710d3e3ccacbe5f5d3fb92b5199371de9b59b9dd99c92f7750f10ddd72b656deb467d2ed2ed43db3714fa748a0fa486d7faf1e08570debf87eb8e981399c81632d0d85dd8657ee640009717caf58316875455a8e24c679e24171ed033d4518f06a9566624a56ea58a2dcc3b197b5ee6cfe892fa43b47f64d3e5cae90a4416d96b0ca63695cb6323cb24b83bbb382692e82ff27a6a5fd3d62a642bb9cca361f8a0b0e6d2b73f40ad61a8d805881fa471592252c28ad236f5ded5b9f3fa317fb5b4ff0062d147130cf9953815b660e38d9bcf412db288a5cbe3f6d1d80ac36374b4ccf1b8b70af11eef14c6f1ecf729874286be19ab96be15565a96d7745a9217cbe316720e22f4e5aeeb80b63139e5ed5b9f8791cffb3b4f1cb45afbeb31c4b162a0d9b9a2c8e74fe9f25a6e2e89648e4f39b03d125d699b268c160f26842cf1ede39d76dc35ca586ba83268e804d0676a8e185d3799b1acac52a95f6adcdfb173732bb578f91f8e0cc51d950a864ab7c339c470ddb397ac2ea2d5eb1a0494a43c6ab7029147084a6b4719d087ac44bae69e3519c25890712d40531eb923c6c6b16b2057d8b8839ed56e3ea5655930c536d6fd93c587554f58ce258d4b38d32cb1badb1acb26290fd58cfe29b3c71118f08061396863d0e1c98d473ae9c25ae8ce3a8cf3e12c6ad5313e1a4b23165e9ed2cc7997db7fb06d7ce335be3655af79a54a9342bf5ba5f34e4a281ab4b11e1a37d5a9e470cb13cc46e74f200f4b180726b3ae3e03e1e1c35fd3afbe8b1d5e2c7c42a2d036e8fb44f1cd0daf9fd136cfe143c731f0314600edb84ac6c738e694bd74d963a97d3a6879e9b60fc01b3d2d2cd1f59649a89633d0a5a8e35c75ebafbebed9e6e6d330d509fca6ff00da76ec7a69d2fe1db78bb6e8d79719e6c6f26f384aa158a8ae31e86972e39673235c03a3e252d4bf3d46194a5a58deb19665ac8f518ca3a83518e7a90ceb9bd344f5c1258d125896b738a51028c45a5bd9f3e9aa8fa5d4b8477378d8539ced28b61356f7f33bae1f40ff00f528f1d7269c5f970c7247154e90361308c0e799a8a43e28ae8e97dd5513d09d58f8e611a12172e872d40ba34f18d4a5c25894b8580e2516cc3f5e8bda12fa371ff6f75fcb38f577a2e4eae38eb8e3332104085a5b0a190a37569aa8db02ae69fa942cb0b6dba6575e5eb68b4a9974c6d10625dfbf559037cc3c6713c109e9d7ee0422736204f52cfd3657e131ed1e90dcb652c8770fca49661b851273038f0d0898e164fcb54db7e2297ce6085883ab1f6c186ef547d4ea0c8c63133cb523703173adab9fd6fda1ff00a370ee3fa18f1b4b1921a0cf240b7f45fa278e42c1f8418704b8e8532346e1fecb4083026559edb3e0bd384e5124626e4cf5b319c4d9ea6c8c624cfb45d7d0eeecc7e43c731e3e17a2c8370a85d60929b6c4e4fd82c2e88be7e3e2d2e32c1a09f6d1a4490b33347463711e1ccf2ec22ad057da3717a0b74c38d2825ce1f937a825d908bf58679c636b87bab4ff0062dae16a90bd71696a5db5df810e319c4c1116166ab3b7dbf335b8ae33d8e53620285c1531ae29e0a2f67dc91e351778ee292b09d443e468036c0bf3ae4e6e1ad93eac6bedf33ae09154707b723e8a09d50a2c874397acbead6e15b0c2236ba638bb66e6bbeb01665d4b49c2388c7d9ef23cf53fdea5db33ea517c99c6b77d749466268931b44ddbde6acce75d29337522d06eec989e3b9ab4b6a8c8ca6d8ad4eb2f6df5f0756f24e4e6dc3f36258b5f55b6bede15bb0c5f74cfb8b3dd50d253a356b7b4351e75e8c9d6a0d9e68f95fca610cc3baa86f6e1c16b852d4641920c9e1089f7754088d1f6bdeea85d3e63e0d6a913f36b4ddd76ed7da535fc2ecfbbb93c9aae53ca6e8fac0a4a7ca35d54a656b0dc582c2a051e41fb45908e7410b4583531ccac371631f33a4542b5d0eac85d99792e5dcdf5248d0562a0dceed5546b11857b0a5a2cd9672f47588045b6b180d6bf575f6b01055af05a5979dbe9064009271863b9aedc00cb347b781569bb64ff00b4e755e8908cedb1c56b5f9b7672ca77374daf34ebdab1c9edcc6556389a05d6dc42f34552b36ad7d6d776fa19333d355abb92729044c13e265753abdd1698aca4156025adc361da2d5db12bf29576daa7ab97b59e1c9ba0bf94dcbf359d682d5562baf95cd6abdd51647541d0657db68bf19353c208b766f583fc93e6ca700962686ba7ebcba267560e854150a05b97fdb6ef3d2b1dcdc421c70f1f4f938eace8f2c1cf43b81e1d4d89c078805c623e5d5bd0b2c691a724d88c86015db2e5a2f570656af91b9b5696cbd6813a66efc8384070fe3faff1b74fd09ee05f0c55579b0c23e16b6524068dbb7870bba6ba0619f715ee22deec198cedcd2ccbbd28052654abdcc8f797bb7b55f795965863365cd95ee4991d427cdd48c30f5dd7258737934c603555f4d03ef70834a341717fe17a7f2f787ece78f30b6b4f8d299f4d6c137651c34e5b3cf3b7b7e59aa58814daf4461c6a16b0eadbef66e38a6947e9d8469725ada2d529f7d4b6ec372dc35ed8af3781666b4dd64598958186a6d9ef909004442cae0f7278118b89ec631952fb639775486adac8f7c990dba188adb64908868aa4398c063c671c61bc218efeb7720d452b7734eb07d3dc256ed5cb26ec653fa682da14c11c5cbb2f99aea080c74425bcab62abe25a5157c37006bd13b6eb9ab0aef2e52842031ccc0416346d4dbddded0d5a57a5896ed549aeaeed775f0f1d8d2b51568e73fd04fe9cfd231f872fe1ef3ff3babe932e3541689d88af6957b953007b19257bcb48cf1151a0649a62f429016a94a4c16e9302ac538508d5d97426e3eeb4e667824411553298a94b6eb75cfaf64afb1f1d39b9aa12962c37158e3c858674bedda75b311f2e3a7afb6352fb131cd39c7e8fb075d3e30ed16b3dcf57555b26c949835bc6a5019edad075a0a0357a42dd24c46fde68b756854fb07575a760488f967d069c80fb5c0415c6f2d295a9349be98eb304f5334670ca33f0e66048921ec368d9d14d5656bc957d7d7270e5d708f8ca5e93fe98fae49f7ffecdda56ad1cee6a6ce3ccad0da9afb99ad08b5fb7332a87acda99b722a4c3dbacda905aa90d5d6ae84373db0ed5da673cbdf330579badb5925821266cd65ff603847b994370b40ab232cf7015ca482044e2fdc9a1dc08cfb2b6c8b1974bd8984136b19db1551966aae41ae6dd83d65ddcf1d77fb973aeb6ebd72ef494b15bb989936deb32eb6fd027689e69ead0be80e03c7831b6ebced024da5b819dd748172fb744947aaa5557afee9b5ef5976c81e5f5914e58a9a455e5271c2e6a74906167c7da354d4c2b00db2aa26c0ab8d60955b431678f1cc969d73146e8427035146d3db1030aaadefbf328aa6ee57f1dd71efafd0a7ce641414c3373570902a14058bd6028aef071d6d2f8658d4c33c4555a2690d53b435d71cb5d958b39aeee0869e49d4133d323d787780ac0c452432451a8662dd5fb5dea5e637f72bf000e38843c339e1a64066355f699540d384718579cba8b254dc94832d54369d7a6318f3372c2afcb7872e97be492af992122277880d3374e3322345e5fb5aa41656f7fb36bd042a9f8d7464e15a7162d9edc9a0fab62bfb4e73cb8dbfccd911fceee3f17b8f648add662ca93b20d7c808bed3099a06c8fba725dcbdca260f614be5ebf30a216d5a75aba0d0603ada549b5f84845f868e40abd196b610e3df6e517568828f76bc6630c1ab22390ad3976ee632c4e3ed1b99a982a5304134f6b638d7f8cb870dc5b7e54ccb0f34d69a4dd493560d33338bb4227d4892322e273cbe4d6065d601a90e3a190c32750ba95b58f4e93b5c5850b1106e828b061267f257570f59ab4af0227ce0e41ec9b09b358338e73238a009e3ebfcf2120389776c0a5f31dcb0c0370a5325c31095e77109adb5f1c287e43044c0ee769335a41dbacd629c360ccdba205254cb1c839679338370c7718ceb8e33a9639e510c7445e7c99c72ea238f2a70b13df7df5be2bbb57ac24a135f9a8ca9d84c73dbfd51d88ad8866f70d6a685746e6c678eeb74cf5d1dd448e292d27a6e36743014e251ff337f3260d6d6aeba890e7a69459d1976819534cb7c28d0ee8af4ab23ba6833af89a8351dc1499ccaeea238cee0a48e89bb36f0f4cdbecd9b72de67ceb70bbb84d5c4319ad1117b88aa98365aad2a925561161e5a198015fc7465da1667dd42586178c02630ddf8748d46ce876fd6aeed0b2ac58bc499ae1e5ab694a52dafb6d6a5659c3695b9a49bf6987fc332e1abf6a58aea319014ffccb8aa0dca2ad8bd4220b0262112f0d625096889ac15fc85a8eae0442b2c22bcb12ab18605af835a0a61e04af30c83a174faabad132ceeec8039a33aeb92d1e8347abb28204bcb12d89c7d3caa9dd56ae946588b6688f2e342e9b4bd5c1e85ad7caa4947678b7ad7c05613106d297507a82e6dcd7051eaab69299540218456160a558a973c84ef07a23a21c1bdd15fcca5559db33fce947198b313d0383b87c7a0da284d38d63b442c6245c0cc64fd776b97f70c556f144b95425b220192c9e04005dc2b8e15b69caf2d0f3adc6e4a32653aa61804e13c657a72b856143293c0e79812bdb1659ff001d42730d570aac2d7a8da5b46c4812e586b4e07bd8592048354cf064c8658c8ecef1c06ab93ee07358999ab5d884aae8856a65d2514c7dbd837223df5527d2b04a55fac062e6ac29e611c5338f1821826211a96b999d41269e2cab8b82e6be2b96c532d7a6acccb09ac1571d758b005e739cb09ddb488c679f715ed6157dcbeeed7edcad0aa26a46b27111e6a8909aee47caed9138ec56ecf5dbcf5694cbd9808f58d3cb16756ce00ea75f6985c7ac4210d6d6cf355fb0cb8671b76325a11871d0d600756188f45a4c06038a43b86ab561e2e10e8ea8548c6be75f18dd3d5f825c5f339b3b44cf84cdb86c17b2c728a0353cab15030e310a74d0327d3cc89d9ca2cb95e64c71cc62da35f2603cb81e2fab64006c8b3c88e3cf363c331e3a36dea6624b5456279e1a7c9d14b6c4323a2f61fbea18e96e5f06719e93136891b81fe7ba7dc37b816fc2a7872a041e33b8f733c6ad955355a98a50ee99594eeecccb8bbd982513d85496b95884985d6ad2b0b8e520e8f60d1c6c866332ac14700c79a0cfe2424265072b1e8bca7cdb9cbd1a2485d04fd89afa3727c97c3fd4d11e630dccd8c6b5312264331fd7af2cbcd2d3b392e4b0ac224bd5b460303099a3e7191e0d62fb03e311c037cd28ab06ea4a06ee097c614caac3984ad90c21810a335b7d44d9afc4241cb8e3e5dd59e71fb1ddfe1d97c97b9cc2debf3190373a7d556905d1afdc4e113d4111029cd3e98dbb66cd0556cc15aeb508539155ef2ab0a95db78aa4297a51157d464c0e8c126ec87e86546896bc71290dc0245d581d0462c649596037d4f95be0dee9c7b1ee6fa17f93731391fad373e9e5c2caf9712afaf3119b2622c1490e8c597d9560fde9cd288803e6d4aa64a29e9cd2c90c671532e68999068662756db252af26ccc1a3cc2cf2ca442c4c1990a541ddb361d0b11cb8e3c65adbdf9a7bd8f74638d1c33cd0f17eba0eea09c542323eb09c608d1e1d4e0ea405509cb55919ac3960a7c84ddb919b8ee97090b0154b62af7dc793606363a33ac2844ddc1976d344f10664c08fa1339c9ac1ac1b4226318834cf97d4d8c2c13f1b9b1ec6bf6eaddad37b1dd8bad51586ee2b7c6e9b7016442f483b8ac1836dda28564d0b0cc49a991aedf97ae796263046d10e9633dc1ce398ca4ab8857587dc6443c90b1a4fc2e51f5145e6d66008858ad5c6cb05579f2f72902e61692ed7ee5b7aa2550863d31a39ba70b2ce6d6cb1e98f63347a81db24fd13c7971c75918f97706dd6a98cabfdd61a92e8d753d7909a7440eb8c538ea4b19429652910ccb44c0012c8fa9cb2ef59909511382cd486d1242ef62a955c8572c66443f0201c4cb655c45a28382796d14b8146c2d0631ed640b017b2d47155c1938f8b2bf722f0ceb71ed9acead96d4b54030b3c41514faa4af22812d949734071e9958cf36bb8aa1c1cedcc72364660ab4b950e7e9cd81f03c0dacd90b1acde035e62a92715af9e8d1d6c6b1521a23c36e75735a9fc46e63d3d9aef39acb1e6d0cdac7af873e38c9d5627d19719b5d3c72dd6d2e861376b6050a99618e3f457a7cab310e93650f282babe0f15eae8461cc25a2cdba61074187665440210a82b483c53578f4885116a324610c5a0fb52bd06849287dce60844b8ff009bc7fd961713408c99a628d9c6a32ce9ab0caf21c9654acaab3c14182acc7523ae6c6a5986717ab537066a20b0d7bb607af3919858b0435e6d4b8879f8d79cecad5cd1966e1a5ce01683cd2c416cb18dbc5e640851e3032665924b0ceaa62c3204a9b172e04235c5ed0da6bbc0711b0a010370d5cb0f5aabe70575dae6bb98f41cb703b6fe742d46e239c4ad89a3b6656c98b27e71eda3d6ac4c4291e445f0d54fe1a4b6046f3026752ea9b003283724694a0b8716a2c315090a164acb43b970f9e9be8a6d4db52936f81756a3dabf3d7f298155714f9a84d4a6300b69b8563b153509d3bb59e474facedba296ae68b6ca88921dc67148494a34cd6bcbf973501f313369f7190d3b2be661ae26829c94d136fc155d8eb857a3db35634475b5e1d72e31aced7e916cd17e362973cd96aad61e6b1cf30aff00697e96b6d34b6d6a3525605e8ee961f4d9cd95d015576ca674697c2c58f37bb1af08e020c9b5e5e5e131e6196ed7b6b0c585c31a65268983d2fe1e4daa19113d2ae080b6cb91a741e36b520b65e74f7a0c8aaef9b98002581ed761568da0be0f88f28edbae44de393b8a3f5f6319ea16f284b1750e17cf728b6f845107478e635d0cea55f1d3e8463a7e35e9ad5354eee4640b8950fbc59d2a56b8729ec43ae92a3c1ac3a5ae3260e3fd37017278d79817811a2e98b58c31b6a919b76e108c23ef64088ba8a29475284651636be432256769ac72cf43aa39f40db389ce38c623ff0043975b896a527c795daf8f6b78877bd2974abca3b1f0ce89bf29873ff5029f5fea05369738d907bcd953a36d0776207a6ba3223d71b6eb2a16034ca86db7b885721fbf83bb3a95ecbabe526abf6157740228005ef5f7d6eefa6fe97cacd65bb514931c72e571f6dee415d87c2fbf7953fc6f7cde5c3cf49b5616747b6b739112eeca7beb777f3b50eedddc61ba06af7f7953fc6f7cde1fbe6ddfd8f73ed885a8f6dee42a99f822a43a9480b5b505f06e05791ccae54ff1bdf37763f5bdbde94badd7b671610a6b7032bdfd5edfa6484c30037acb4b7f8fef9bd8b885c6db9f3d0ebefaddfb6f544e519a165955a7f8cb4aff008def9bdfff0022db5fb0f86718d6e8db5d9e68f745756559b13292a49d5adf7aceb70eeeb656c7272365addd9694e2a0b6cdca1e198c65adc1b464bca3286b699bab4fef7258049768aebb3533a8c2308fc963b66aec255d5e0ac5bf9bebfcd8de3d8b456ea2bd6b1b8eb579e6febb0d2f7d5ccd792d521302720f268ee0b68019b451427c4b5dcb0bb52585591b81f79bd565d243f720cd81ad68af4c91c43e1b2627675bb74bd7dbf572ec926181fc53c3f49ecde72aa9daeed2f790d388712d00242f87d5eb028421c294224e68508d02ac80544d3dae9a9a2d140a1f22176de439e29ab1501ff2f70c7fcb9fffc40020110100010500020301000000000000000002120010204050308001114260ffda0008010301013f01f4b63bc4d13fc32dff008baa4b18d2d93697816c9f01565b269631b1a5b7291c52bc7bd2e2132e09255468a34ad2a958f0958edcaa55f9c0d468ed2f11dc56fbc16ffde31db56581c7e7617095970d70e399e0c6a3db2b08e0aa5e8baf417fffc40023110002020104020301010000000000000000021012400103202232501330704211ffda0008010201013f01fd72c5856f42a378fd16cb6e4c58b29d456caacdaa7ccc36e31da557319869516c54a8ad96d2b0bc1725a54d0ac58b46de4ee456c2ac554ac5a36f27705178b28cb1b793b86df1661586ea2a8ad94ab561985bc30aa328c585c6d3cb83354686635ec2b0cd1f1e5d4a9dca8ad0da8ab90d362c33d736c330d6866ab0bd8dc56166b8f586865176ca8bc572d79b4d45f41e3956fb1a6d84c5a6c58b4db9f90bd4b6130b6e162d0b52a34f785ea559855ae16ba1a69352a31af05ccfeb82e77f53614d6be86a7fa2f2d7199abf430a54b165c762a58b16e361a571d96c59458663b30a58b1aaacb1a6536d952b595f4352bfbaafa3afe7ff00ffc4005310000102040206040a0704050b030500000201030004111213210522313241514252617110142023335062728191243443537392a1156382b23035b1c1d125404454647493a2c2d2e10670904584a3c3e2ffda0008010100063f02ff00e4314896883b562dc62b6b4c5c32b3e71545aa2f93e79f69bf78a916b53cc1afbfebc2370904476aaf08f1665cbe498cdf21fb42ea43d2eae6068c94d4729ab885ca3cd9cc80f217ca91b1f4ed478e2c94d24eb526a3d3f3855ecac2accbafbdc48dd75629a200d8684b5a72f2cfb022f71a135e2e3cb72c282332ce7b94ca1cd12eb8ae37858b2c45bd65777d74730f1643c39af28f1bd2eb46ab735289ba9efc6956452898e26289d5a43f248d3aa653246243c52b7403d78d8addd581312aa166906f3e7600f18c79ff00a3e8f1cc585c94fb5c8c1d0cc80303978d1a6a27b8902fcf13d3af11512fe7d890cceb2d0b6eb4e8663964bc209457564e4ec2f78fd74e3a79cb68e5b5b4e6ec64388eba480c87328f18999e7527cbed07743d98f1a989a39a98a5049528230d49cb1983331e7a659e8e502e39dcdb63b4bb123f69e962b6ccda96e8b5ff00f708f691c98fb3944fff00643435b180e09ab1720a396eec68e94659acc3ee5f67bb1423c579d5bdf77ae6beb975dea0117ca1922de7ae74bf8e269d3cc644001b4e465b7c3a5a65ff00b2c3640536ac1e97d28a98d6d5b0e0c0ff00dd033d36340ad65a5d787b45db1e3064b68ee2561e65d0b5a5a8fb5080c39446d52abb7644d6955dcf432deea6d5f2f0ae279efba692e58fa3688a27ef4e32949405ed28fa8cb7e68acee8b5c3fddc50dd260bf78917b0e8383cc57d5b3abfba548966baad363f28d24ffdf4f3be1d23a48f59a6e65519f68d2314bea52c7abfbd73ff0010dbaaeda03b521a711ea3223ac10e234754cd2a90ba264557c5c7eb8fa7f277ac034d020002220a276794accbbcac4a81e193a9bce1724ec82065814b1513be2cb910af11f84266952558ad2b77642871ac1abccb649ddad0aee8c789a31e82eeac78acc8e04da7417a7ddeac99fe0fd4a3f861b2eb3cf2fccbc130ea6d068cbe5128db2baf3395df8ab1252d243e6ae413244ad1121b1aa5049156bc62932e800538c235a3c4a524b8bcbe90bdc806180b407caa41483a9638c387fc42b9dd15ad172ac5ea5d1ce1bbba31ae745ac38e2f46321d5adcab0fbaabc9121b799d57da2556d7ba1b98d87bae27224f55bdda4d7f3a47c225fbdcfe6f01367ba68a2bf182d1b3cd3a8c81565a6812bdd156d86e6e9d369cb7e68504128048ef470d2fff009d72807e66e9999e26e2dd9f92aebc62d82748962dd13278c29bcf39aa1157e5259df70e8b1fd5f368ef52997e680371b06002b6da9af088e366e173238f434ee38d575d1ee72170a70ff8d2e82f34db89ec17f8c2b4a26cddc1cca073d411ca1b154aac695414f378f51f55ccf7b7fcc91fc312fef39fcde1a2a5523490ca3766168e347accaa6b124a0944c10f2564a41bf199becdd0f7a05e9f7bc6de4e7e883b8633aac0b3c17b23c5eb662254939072f8c2225516077a9dd198c64b1a85f08a3a1458b4804c178125608e41c264fa8b9b6b1e233af24911277e27bb092f2e341e2bc4bbfd5739eea7e8b005cdb4fec896fe3fe6f2349dd233130936f62364d8d6becc32cbd91e6aa3caece9e1b9568890727a30f0a59bf4f37ff6c614bb768afe6717b635b2fee8cbe6b0e3ae16ab1adf1871c255222252ba37e37e322458cc6338d958cb646ed21587c72da249b417b207466923bd4bead33f79d8beab9b0a56ac1c4a1f5a5c7f448613aaae27c8bc84c779b6eed972d232f0b9272c787a3d95f3ef27da7740b0c362221ba2917946740fd60b6c2a384a97febc62aab9764738ca367875163593c2ac39de249b4579a439253b4f1b97ff00f20f5fd54ea736ca24bdc5fd160fd99a7ff9bc839c665da9b43630c41c5f46b0c4b99de4da66be06344ca2f9e9ade5ea84372eca6409f358aaed8c97f8b94161ebfb519ad116257a5e6d685c21332ac0eefca3a3f05f066919794d4f4b653329551f687aab0dccb7c779392faa493b16194ea1b89f238d20cf16e7def28dd35a0822a92f743fa5dede78945aec0f07248a53b879c6b6d5e0905b3665128aab68e1a65144afca1725f8c66dc76f96a31d8513320593735aed7bdeaa996beee71f4ff9a34db7fed025f31f201a7dca19ec444ac5517286e48175a6dcb7f861051321a00fc217f58c92abd1482e7d22ff0008d4dbfaac79c8036bd24b96c8cd53ba33fec8dc8ce3557e716b836af9158bd1730db1dfac90d4f37bf2ae09432f0ec7004be7ea9d30dffb5ddf9863492739760bc8726656611a71d6708ee4bb2ec8698455546c112abd91a3dafb9654e05179787562a876f6f18c92b0db5d1994c3a27f6c38d3a498839dbd8b1aefb2dfc738dafd3f0ca3eb283efa5b1725aa9cc16e8de1348d5ca9c228bb628b1548aa42a57305afc21f69775c65619455cda520f54e921ebb2c9c7e348ff2af95326bf632a317f3ac522de2b58b896830a64b445dd18f34cab0d2fda389fdd0334464e3bd6284f19644d47757946a4b05dce3646629f14ac5f28452ee759b5b630f4bb788cd69e3409fcd1aa588192892728b9163573585e0a90a2b95233da3515f8c315e640b1a565b80bf77aa53f7922bfa146873ebe337e569a2f618481f038eaecff081d55375df40cf3edee48f1b9d5c6985e7d1eefe8141d013124cd162f6ee29035f8b302eb4b96d8b836c620e55de8475204fa2551287036a8901a4697a6cf35ea9d107d717c3f4ac68877ab3e1e433440d72de3dd480321b5485154794697af1197584482a760a7c60afdc642e283d21363e75ee8f50380ff4440428a8518a3529174a849f7517b65515e317a7c522de10485b160abd5a469673f7c09ea9d0ee7fb65bf9861a3fbb9c64bc8cd3c086bbb372b6a7bc11fac7b2371433249baa48ebddc3083fd19098dc255421e758a2dce68f73717eea315b5b857fbe2e4fcb045c136c5f80e88aee9536c3eaaf863bef2ae1d75bd53227d59f662657a961fc961b2eb08afcfc9979d1db2afa12fbab1dff00df0e2d7a313aeaf0310f97f437b99996e02718b711c4fdd35164edf7deb65d995b194134e82181ed4585197d6963d8d9c549147b2356e16137dce1480c2cd32cb922478eb0d3606c4d345544d62803d978a17cfd50e927d9181fc8a26fb65896250f9b21e4b8cb89517055160e54f7e58d417e1071a43f1bfa07661d5d50155822bbf10f83691635c77897796297e719781caf435a35487e303939303d46c75615936881d3eba5b44ec893d1e015715d4377dd48414d8944f544e8fee0e03db92fed08905fdd53ca1d2ad6eaea4c27fd50d90e68513b2ff7c37f81e7180c478456c1827cbc6b13a5912523c567973e8bbff77908c36ee1ae2a2c033bce2f2de70a3166de59567a81bf1b5fbbaeaeac378af14c4a9120debbc108a8b0f768ac3a7305465a5d9d68190d100da03544373a290e3e5bed105a7c46b09e2e39b8953717797d52f0f59b2894fc256fe59478b11262cbbae810ff0017944db8370122a12429b5539232aa7b112ba4016a29aae772c0982d4491153e31792d290a0af992a75523eb42cbfd1737160a4a73eb0c71e061cd3c898d22ee6204a0cd785225d86ea8c36826489d387b01a2c0001d75ebaf0899af653be1b43da8230e026d215448f172cc8aebd53b62725195c56d97682b0c4a7dacdcc80db021c8513e5ea9996d82b5d36890161b6586cd4e5d11b36ba404912de2e08db92e28730f7315fb3f2dc39a51465135eed918da29b7f08b7c30f57e11fb35f2cd3d12c24b8ef4cba0dc08a300b9714861959065e277ac9b06259e917bc6a4c332690ae262ee5ecc38db67526f79152919412b8683b512b00d1511c4adc902134d2396eec58d00b4d8728194612f6192437579d38479cdf3d628525d8914f1b36ed25d513b1611bb92bc1b0d732584d2ba41ac1c34b6558ea7b4beabd212d3064dcc8cd238e389f6adaeec69997e38a049eeaa797a2db77d09cd6b8f3a2650db6cb746faa1053e24dc9b62e6a1975a01667399909b0276de90738079b5a892402bf78982644304db1557a635457a46b1e30b911d328a2c324e56ac95c30e9b6a4d99d2e205a2e516b2f83f4e61ad04332e2801725816d2997ebe02b333716c6d3992c078edf8eb9928945ecb1afd73d65f5636bf7f2463f91624ddff005a60d95f7873f2c98772d8a249c162c764fc6b2d575ae3de913326f79b7a55e2d45e17468db2addf5626c29cf8ac1036d1bec55766ec6ae8a7eb033b3fbc3e8db4dd08196637ebacbd58b9d790d6a9d9170ad53c19467e02533b5136ac2696981b65dbfaab6bfcdeaed0afff00b52b7f9d225a6bfd5675a2f9ff0043e3926ef8bcd528ab4d5713da8296719936c0f79d458fd95a4b5664370d775d18dc4f9780dd95982032e502f4d911ab74b5162a4a803db1e2fa2c4f5952e98ada290d84dbb88e8a6b1f8311d5f7539c0cce9215665916adcbf5bde840044411c9113d5d2aefddceb2b1383fb9524fe1897753a6c82f8470dbc579c2b1a6f9940c8e92641b74d2ad1b6be6cfb20db06e65fc35a19b6ddc231e3126f0494afd9552e2723c51c6259c3345b663a3f286ddd20fb3312a67619085aadd61471c8e9d50803adc3f66e8ef02c5936caceca8eebedefa7bd1e6260097abb0bf58fa3e059cceb58d69c6db1f61affba2f7cce64f9b8b5fd2282992455f9904f6516ab0bfb3e5a81722631c7ed1d2afe3bf979c3d83eea401f884cf8b97db125201f64ef034aa2fabbffb963f9a2d5e90aa7cf286038b4ae36bf028f3cfb4dfbc71ab338abfbb0238949a94d1932a12d89bfa97561c939c91c298c9c6d44f73b62619955a5926bfaa449006c4976e27da5fb016847e39c60f49f785291ca2759e02424904fbddc21c4d7947d37471c91edf196d7677c03725a571d82b6c3224e3009e675c9444887555460a649f069843b2f0085766a6a69c6aeb6f45d5ac2ce3791296a238baaa312b2124eb0a72eee2baaab4132481987c70c1ac9a66b95dd681688844544b57a313ba31edad6b8a2fab7cfcdb69ecd6a5fa424bc8e8f9a34c503c424b07563d1ca4a276ae2942e3e9199542223206d6c1aac6ac9812f33d78d4014ee485897ed958f169d69c712cb2a1d218c1c1b99455c3cf5c47947ed3625d8c436ad596f663e9ede11b49416f9783484cdb791618361cca1b98d28e0a222160b4099277c10a8dcbac895dd3af389869944c37e9782f0a714ee8090261c66d44c3315dd548f12c0256b0d42958f1294601c15adca79ed84479e2c34d809aa29f28a211913a6882a89aa890ad4cb22e3423b556948c4a32e8890e1236ba96c1bc5f6927ea9acc4d34df7945b232d33385ec37ab1aad4b488fb5ae51f4ed2936ff00b22b8631e6255b15eb52e2fd7c091f283eef00fc6247f00e37a9f18aa28eaaa17ca311b24b96970714826c928efd939ca0d9f1674cda3502511aec89517d930f1876e105ded58c1522044aaa0ff8c078d3f829bc8b0c84bb4084e12929ed5248352c3b06824a5db0180840043d258c79ac2f4ca80670e9a397a15331d90da38ba80288229ba915d6442c87b619605f5c32b6e324b7381d212242b6ea1324599a404c305503fd3bfd4b62bd8aefddb5ae51f44930936fef2637bf2c7d3f4a4cbfec879b18a849829758f5e1111289d919c2f8122deef01f6d3c031320f362eb52b280342eb1469369c950c66e6175553636bb2253cc894b8dd7876c24c0b228f5b6de9196bbee64cb49b4960649675a7675d33376d5ad4d73589455224c39652ca357a744cffbe301ead0546e3a7f643832f5516eb42a6d83099c46d69b29c60dccddc2a0f6e70fe262637d9a70af6c3934e5ed902a612126470e36f7a5cee8d6b549ad5b0f62d62f41b576e5c2319e3d6cb38979a07b1a5e67d387fd690862b512445454edf5138f32c2be63d048ff002a697b3fd913ccc7d09a684798e719f92be1cf2ef8f3b36c8779c61b44ecc2fee9b528fa2e86985af17970d212b332f28344ae1a5e50eb026fcece3e5710a6b3850dcf4e5b2b60eab4def2a7ef0a3cd49ca3a03bb43a47d564d9ef3ba27b4acee14d4e65653a090ba4269c6c9f701149da58202bd580765c4b05a120c6ebc35354bad2d64ec8f385ace12eb1aec48c256c4dab8b664b0e3cb716b66bdf161b1abadae3bf0e668940222b969b21b9304f380b5c42d6d5e50330f0eb1d4aabd2ac13e99b4d2a5cbdf048dbceb4d1d052a35bbbe065c5bb41b4cbb2bc20a551711a11d60a7287b473abacc66d7b8bea3a3f2edb9ef0c5cc8bb2cbfba71463e8da5897d97c2f8cdbd1eefc4863faad92ee7e3faa1bff008f1948c902f6baab1ffd387f3479cd26cb5f84cc67a726be088904fceb8fbce8bae0179ccb28d1c232a08dbcdba1cf5d2282083dc9e129b4579878f69b4e5b586e49671c798595270d1dce9032d7ddd67137461a6347a83b67a5e4bd9133fb465c4661ca28029e56a414a07d5a55512deb946180929bad8a1755ba7284f193501d7cd138c78c38e174854572a2c10125aa396702b30f61e2b96a25fbff00087d8baf46c952b48339aa80b993068bca065db424b1a155525db5837f1755845b536ec83949b1140a1dd5e0519762409bad78c3434aaf456b0ea936da5c8bb4bf48969d6b2007d40a9d42f56e9394715041c24996bf8b6c14cb1aaec9923edaf7432f52978097cd3c8461a5a284ad0d5235415d5aad169aa908a7e6a95b95384326d38d279b5b73a114388424819ae1a2f2871a2dd177622d728785a0525aada82908c6328025cbac541ca05c72ea1d6d25e9520aae58800a572f67f8c1b8da641bca5d9048e4c2b6800a61da5047691ad14ae5ecef800977b04f3cd57282225a95573843a25539ec86da15a261a6353a650648c22a096ff18781d6d51545493fb6251e45de647f4f564832076136c9999fb3129a29a25be6de1bbf0c77a1053625113e1e1ce26b4a2b821e30e12b59ed04ca2c32141415512a6c5582791ab133c938c203cb8368ad2f4899369137d68bca1dc412574975553667131542f18b170cf85d0dabb5b5552eb601a940c5da147537479c57f48643c52f773bd2948255454cd5690d83988674513f761709724837110557012eb56b694613c17340da91243f392ceb818695b160d1c97c5534a6f41108e6e2e41b631dbf3b2a67e71aff00b611f973b857f4f552aaec489cd287fe92edad7e1044fccaeeca0830d7c732f22669b704ff00b2259833b6e44d65d89767026ca93816f9d5e50d903a061954d53656089a715c20a88a96f2e70239d2eab8b060857002adab12cd4b8aa5c822b72f4e04d4374d44cd161b014142a95c55deac102bc38f6a38295e7c20c1d012221d52aeec364ae119bc2541b932a4213802e20ae62bff00883755c6d82cd51b55d889028e9582bb563491f60244f0a7dd561f7c358dbb0bf821a75a74c5f4add96c86ee000b6bbbc6b12f3f7894b4de4f80f43b610856a85454f8faa5c06fd23ea8d0779c34c8ec65b41f9438f71999975cfd7c8ce15d0aaca39b17eee1b453ada28034e30d9bd9299e6dd36458c36b96d8213ccf853b62fa4540ec5af0e1057bce15f9ad576c6699f7c74abdf1ac65178708dccfb1609af18244cc49161a49adccd510b629410d529352fc365c906d96c31515f8c4d326da9380aa1b61b52b1009cb75b6579402de2ab54b99187c5a42194224b92b072ce6fca15bfc30408bae3bc3df02dbaf00196e8aae6bea322254441daab0ace8d947674938a643173ba20153903fad184fa3928ef51f4b7f58d1ad2e62d09bff00dc90f122fd992c497b8bfaaf924d3a0860694215e30339a2ef2005ae1f483dd8539c32bd05455381afb4304d49cb8bed152e334a06513338eb98f320c5a04bb06bd58144e8d3c81f07184142d9c2359338c955093e59c49b6c0203cce79febe06f4888d5b77272183951b56da9d1631dcba8ee772f4a28fad10d76aa6aa56349ccb38ae4b58a540fb4a4013068c3b3194c998eb33d888b1708abd30e38df9e2d6748ab1e6f434d2f69a8846ae8f966fdf7ab1f59926bdd0528f3fa6e657f0d1023c6926dd9b96054c66dcde41eb22c218ad44911517bff00cf5900aa0bae50a196d91444c31d9c6b1458c37da070178146368d9c26d694b1dd71a43c3e2cdbe969211cb9ec896969b479a3686dad9ab1f5d01ef458feb063e71449f63f34673cc7e78d69f63f347d7817b91563c6bc55c79eec6b2584092d18b6fef0ac87466c25419b86b62c25acf18d66e8b168665ca081caa120a17ce2e3bb282744dc441deec8b826552288f09479c0aa7645b4245ed895741e7016e40bc37b38b9dd2da4093deb63126bc65e422b759e849b941c695c4eb5f6f7d2165c9ab1529680f0548069a6ef56db41a8a5113b563e866dba7725c75eb718fda734fe3cc52da52836c68f764c1b7425c88a8e16c586e567bc5955d694c706b953bfc89c3aa598243df58926dcdf1602bfe7a72ce655dd2e4b0329a558709a0dc996d2e18171a31312dd548cfc1318688de20967df0c22eb8b94bade102c005c889bb4e51541145ee8157db1442ddca030da0334e411e886eee82bdb54afb302a2cad39c38dbd9618add0cc94aaaa89eb940e380db96b2f0a411b2d208d76f3ed873151540babbd58c4301055e09c921101a40546f5979c30d9a5172c5b5b8331aa85ebf28695a0221bf5517b61c4baecf6c138e85edc4bbad5c88b451af643333d254d7f7921f69aa2384daa0a92651a2d871e9769827551c16c792575956300e519c12b91b755378d226c64e4c4a435d8d44d6bbad0cf8c35af4d6d78b136520ae5d55dd04de22e50e4e4e3a3e34fd353ee83ab1be31711a222718b1923993fbb652b0ccc693116a5da5bda954e7ed7f9fe79a414acb961b13857b15d80e75629332d5f6c3ff0031bca0bed2439434e1c61bb8c6e835c976c3b5442dea22f081153c375bdde59c1aaa8a8a8d2bce04c3504f6a436cb817251176c0a3162eaa718715ccb150915794299eb342b4afbb0ea808825cb90ec83224ade8b84958b4b79175a00884b0a9aaa2b0ad1db761a2a670419aaf2482a37888828a4a3c3be325cc633aaf358306887ce2254a081554c83657b21d95be88ee639f148f484b4e4b080f862222f18f18f132765dda62b61d154e50e4b58ac53eac2436d461161e09696270801555c2c8121bd2189e32f3a35bd7a1eca4640b5281ae6ab4ac3f3d3ce1bc38ce0832abab9451861b6fdd4f50bc83e91af38d7bc312f329f6ad8ac57560da0aa538c0d149539422a2187c615710d17be2a466bdb7466eb94e77ac20a1112ad76ac612a41334a1c1196f39416fe3072ec9920126bd3a50a8494bc2a3dd14555711c6d414496103a22b08d360d1db9d55338c524bf59496ee3093468b6a2e6810fb48ce1ab8a8b545e5068da56d1b960f1885a5c5a553323f843a6d500135a8b058a48875a560c985aa34e21b7da90dcc354b5c48da91b522c72a843ac0e26f0140b7a4992703a334d26df792352759f8ac4bb323300e04cb96bec267455e924679c5522eeb3eeaff00cdea2a2c4ec82ffa2cd15bee1e719c6a00a40a7b490550cf0d69022570ae5744b349d445f9c618aeec365d2cf3a402aba952d6b606aabad4a5209a954bdb921244ed2e92c36e95d445ae50c134d901e685ca1bc32555b75f2d9dd082af0b66e7a5ef8716f4a8aece704e3c62055b758b6c1308bd3b6b5ca3c5d0c1c343a5c8bab19a6795df18f8ac2385b2a82257438d38debd533aec869fc8faca3bb6941e8d71750f59bf26e7249a55ee8456251a05e683e09973aac9afca24ebc42ef51cc27dfca01fc4169e15a021aa70586f09152a8b5486382aa25606f4e5fa429a71a431cd1291cf67c205d6906f3a8077ac1238db86ed1472e9d60580b4133cc972186e5ebcfe30ac3351127ac4bbe5182a4154240babab0d996645bd4dd847f56d5254db9c2bca546f3445db9c018ef02a2c79c3c8d12a88900e516d2e304025413db0a689541a22ac78aa384eb4a99252072f3ac9228d219991cd0d3cb9c5e2addb12eda6c16813d47a3d7ef25de0ff00abc96c53aa8b024b996ec0b5ed243463b1631057ed120dd15ab2cf9b67fc606aa0aae222a2a2f38079d5d7375469c21c75b41b8aa955e11687255255815e22a9fa428bb304a87b538476c36ccba34095b8969bf18c623719569c20cd0041169a89b225b0adb6cd644e704e5477906de31613555e688902e86d1e50338d25aa25587640d7273ceb1fe1e5c8ca7dfcdb7fa7a9342ba9feb441f987c9af55948f6ab58c74da2a9586a96db052ad979e78c92ef661d3b2a624229d9db1f287514d111ca261d3645511683bc51e2ee3446aa7b6b0466caab4b5a022c7d2ad468055533a6708eb0f5f76d4a6ca4376d6bd3ac62bc8369226deaf3871912c441a0d7640f7a436d0dc656eb2f3af284175506958ab66a876a6c489a331aaa6ac2032bf48943536bb46199a0d8e0a7cfca936b849b26e97797a924dff00b89d68bc90cbec921b2eb8a4103d5b7b215c55a34c043ba49d05447aa81c912018534699d944d90cca03a9ace6fd209a025306875cd13942b425aa5b539c0a252a5aa904e4cdc2ef0e5155e2b00db615528c2251aa5362c0d8f18a8ad533d91792ad4b6ac0cc2d6b888b58c570ea6b4cf9422166b92dc8b1955556b08a884974353ac7f143d264a98533e758ff000f2b4b690fbc7f083dd0f524cfb3617c8a0579a2790255a28c31863a9922c1822d156b9c1caa12acbb25ad4d8669186575b5c821d3124756a345e9077c139c7845d728ddbd45870db02200de54e10d1d97d8b5b578c3f8b2f99a25aa8bb20c0442d73795533f840bee011da8b92412201e2e2dd558adad9af54f3803793573ca0f051c15ea70ca1b755b1729c1611759097a3c201c5ca9445b7940ea64395fc690e8e10989b64345fee80102d7917af4486668577c75fdef226663a8dadbdeb944a0aef285e7de59fa9275be6c1c4a3a9d2643c897166f5caa809d28270857552b489976544856e413ec180b5068d8dee9575ae8770ee34aaadd07844782e531205b4d89b611da25b5a436a4152a25c0090b6866454144ed84973d42b90561ca382aea12a7fe209719b6ed15dfe3d908289996489080e2862dc572d77290b8478822b915297460a6d2fd20a5dc712d13a2b89c20831f21ae6a9bd48575b54b33b4bad481b6bc2b00ad964203865cf8520165d8fac059868bb4a3088aa66b79f245f225b458eedc8ebfee0c513d48e8f58093e71283d5b87e4be46cf0125a342ad539c14ee8f1acb96f87520c5a3b14c6863ce0c994ea26fe44abb72ec81e04e2ed5e09040c95c23d2e7144cd4a045d1b0b7a1176f1ac5c4e9549161490094476ac6aed826d5d25458c46d3d1718c5dfe69d6ac1581862ea265581aafa40e10d8d94c4cc6b048be9768d176c08a9205dc57843640757582bd153b33a43330d2e4e222f7782aab06e12f9b0455f7a1cd2131e9e735bdd0f53694925d8dcc620773b9c517c365ca39a2e5e4364d0ab26e56b6403e5f496076dbc21bc365a251dd3583bb52b5d890aaf0e69b8bb619c2522b514734a5139409d82e20745762c29220e6a8b624543504c2da0ebfe8b1f476b0c1053e2b02163698628296a53e7022ff00a41ad5052904a0cef22a5a495db0d5c48dedd628c9c1240555c8a358fe71557b340b6b146ee5ee4aac0e582234b55ddef92460a5caaa57112f1558cf84292ad05205c34ff27cb96afef8fd4f2da4d13cd179899f7576146d8d7f0d38c0b0676b85b1178f806e4dd8b78670533a2928bd397e8945934d1b445b6fe87740b6d18d0ab69aae50b5da300f0dc0469cf6c38d9ef0d6b486d714548d575136a77c1029e1d8972ac0982b4a63aa621f348f38621df0983571e3ddeaa462ccb8a9fdb17a15d6aa572ce90248d5d751516bce3eaadc6ab42daf62429e2265bcb0e4d61f9afb35eba738c553a336dd58a95cde8e05f8bd02d34280d8e4229ea7718746e031512480909a73cd7fa24c2f2fbb28a3991464b0db439bceaea8ff008c58a57be49acbc6309d04305fd20e4260ee21d660d7a61fe29e1ce3e9b615db9f79f0871f947271a10d6a3acd2359b072104db7c413826631f69776a426a3ea76eb176c5d2ad181273585b10b3ea245efb4ea769246a02a9454868abc20ee4a0f495610096b84e2857bbc14d90f82952559f49ed1f28701d6d01b5a1379c4c348f1fece61de1f685ca01a6d2d10441144f549b0f82181708279b3f1b9204d60717ce0772c57c60d85e46948d1d36b320e340b42b561c56d807da9854705caed458125d4d5455af0865197c10654aec553fd123ebad7e648ca6995f8a464f3505a42c472ac61d512b84bd68bbf6838f1f492fd558acc838c29eca0ff007432d9cfb6d8bb7e7d5b73e3044ad8b8c5e4293229aab481981345bb3a2926702ebaca93795aa5ba9df1aafd88bc0728f3ae92871b961f5d81d04a45ed07f0ae5174dceb4c322be85173816c26c505380a5628cb136faf606d8fa3e8f014cd2f74e1c47c05e952a93b66f35589b71b79f76f014f76bdd12cdb2426281ac49cd7d5730c4de904974176d294b68b6c5265f976c47ac5589a9b9b69bc27268fc5d55bd6345e4913122d12f8aaa5ec89ef076256261a636a06ce7489671b9362c204da091f5096ff008691fd5cc7e5871c765d963aa503e272c928834a1556f28dd37178aaadb0ab41afbeb585c494717f58f146955b040fa4127483659072ba3a565e5d96ea18a4ddc46a9ca1dfda1308cb429ac819c394c712525c2e5f18159875db45cb0a8b76dcf62c78e4a3e8f30555c511d904f61dd6d3ce0eefc61b37da6a69d735d5c548f372ac8ff0245290a725386c2292961a8de2958d1d2d393f8b2cfb9ac3661a6a43caf3984d26a8369c7be0e6f463de2b300976aee1fbc312d354a62b68b4f55278d3026a9d2e31784a0a9733d78f3d961b03e295ddf6a3cec9b645cd76c116d5215114e6ab12ccbfbfbca9cabe17c8bd14b12b6d0f76d58af18d514ac6c45482e50d9e8d05f19a50a9b0d3b62af4b4ba1a0f38bdf3c4cf753753b9204c1b4af64130fee988a62750c626d5fa24b132a46bd055ec89ac51f32e32baab12f8bed207bbe460b951515b80c7682c6d666fdaf465060ee1ca3268a2e2a2dc442bca1b65b4a03628229ddeacc39a690d39f148f33a4a6807aabaf18faefbff0078eadca9e44e34e3497acc99937c7e1141b6bc4493348f441198124644297728c654a9bb9d629c633358d574ab1471056bc62968a18956d84bee6e4c7797ad00d34360369411f5ca628d1c1dc7477863e932de3cda6ebcd64ea7c20953499314fb27817fea8d59a96757e300ecd34e2cbddace2015bfac5156b2c4aaad3a39a2578422a67da31d28de282b7ce1274fa29f18f1f9c1f309b885d3841144444e09ebcd7013ef1ac6acb349fc091628a28f5609cd1af2337ef3069734b173fa3665a5fbd942bd3f2c505ed285d9e2bad1e6b464c1f6cdb96a7e54817348388fd9bac88d8d0c22227ff03adb66d9b86755a0c6b4bbe91e81f8a12badf78c5d2ef0389d8be41058fad169bb1e8e63f2c7a398fcb0dbcdee9a2127c7d742332dd6ddd24da90ab28f9a1f23d8b032af160ae2d855e10467a44d5ca79b6e899c0b8c38ad9a53318b0f5264135839f6f84cf095a32e20b0fcbd6aad38415e70d9ccbaeb8aa95a26a8c0b60940144444f5e3f44e8040a69155c354a22d7a5db0cca48e8dd6735b14521b7111c61c1cc55728b4b526437c39f867ff00de0a18fc20f5ebff0086112933294098c1cd3ef21347691aa0a2da265d0ef805659039701f37428e2d4c305cf645aba93209ae1fde9e09ff00f782867f0c3d7aff00e18448fe0a42cc308833209ff123f66cf9102660db8bbcdc1cccf4eb8e26f112adb0af68b71c069b5f364b145d4980f48113ff00ef070cfe187af5ff00c30892fc14f014e4b0fd2053593ef123f64697a94b92a586b9102a738b1a6cd5f753cdebff00cd02eb2e136e26c2185225aa92d6bdf0d7e18faf5ff71b8905fdc2784b48ca067f6cda7f34135a5f5887d1995777941ae8e965065132444e5c7c0cfe18ff0067af5efc30890fc14f20e76503ccafa404e8c60ab058c95d83bf0e38bb4d54be712a7cda1f5e3f292d6b42dad2aa99ac1bcfb8ae385b556125c2c71a4dd13e10932ad61adca2a9e1ce99c14d68f0a874d9e5dd1fdb0da7dd928faf2e36c097b46b1f576bf2247d5dafc891411444e49e4dea186e75c211866b4ede3ebbd2b20e3c9a8d994b1dbca244a6c89c79e62f5b0796d586c149c2c467145402e4b2065af2bc99c51cb55476ed8727c489180ad4952255922d69af4596d871e97554c8d1155388c48cdcc3a2f353135804dd9454ed826dc2d71649d5144e8a438aa2fa2056eab7ca0b55eaea5054332bb9423add6d5aedecf5d6939d6bd34aceae7ec10e712d5d83a0b2890204aff929ebabc014a24d6596a8db52cd8afb2eeac1ca29582ecfba15ec1ce345380be7999675c0f799817294c4c62f9aac68d9e3f3c1e3a6de09742ee90c36f29fdb78b59d8a31ff00a92bfeb0ec348ae36dcc8109cb2a76240b8ad611dca8e07234c97d753a26e1b8936aaa777089706de368d86706f4e21ca1a3422416e5565d1be162c0d5f71cb11a41afeeb3486c8661c5c371d3a2f3761b319870d031754bdb82956955056fa765d9c3284ebaf0306a6d01ee89461accb9f59c7bbda89d615f71526c948d604fc71ec4040c32e56f6461a12966a444bd255ffddfaffeee7fffc4002c100100020202010206020203010100000001001121314151611071203040508191a1b1c1f06070f1d1e1ffda0008010100013f21ff00b24ff83d7fc92bfe217ff4957fc14f9837f6dbfbc0c015a3404c2c955b193326508d89eab44cdc26364bff006c19f0dc412e1eb5f09f7216356fa234e45cc7043b24aa749c60ea1b29a9ef2a5f640ec1cc2ab62170c7cd9d5e0f33c8db6679fa66f19131758c0a87d2b9269f626541b1037c66184e6150f0f6665832aab880d2931bf9cce00d150d962b4d243efbea26db9b12de0b4e4b386b5777fae4a270219b52a177f13cf0fbc33db466f3b18f1b9c9c6601fc6a5bda0a15f0408c085d145af81e4be0e6293c667ddee7342fbc1fccf20b57a4567f476c1f075be0926bc2cdfc62e5fdc6ca6bf804cb93a3cb9e1cb9b25ca8934b1fc39100126e33fe54afd0e233cc6952a01ca938cb3308eee035398b1d8859c9899f0ac2badf498d03bf32af75449972d750c98ece7b78910ec3d8fb6897253183f50264fe8197c410e204be5c3a63bfda2827f7517db33563ec7b9852caff00d4a3d2ff00f03b91240aa80f84ea22cae3797d728df71e5f6b326ccc38aee671415a66a375f13c23dea0c521d7ad5b40cc9b696b8f7b7f47948fdaeaf2d3f4c54bd7f8cf74fdcbe9a8c27b8941dfc7b9588b4acd731d6a24587a61a50adbab271e1f0c7a10901b072f95e5f82e5a992ed88596901db1066485d95dc3731a918810b1c0b95b52dd92c64db213923aa751370143dc70bdf5784a77f6b88a09e3431aff00bc4fd7feefa159611e04c21ea79ccdd16320a1deb4454f0290f9c121762cae0f1214257a2c6fa35408e992a2851e479e77c682cd97dacc04ac9cda207102f24378de521899e044bc3b9adfd427ff0004339406d5d8d971017b407f996a45703ed41781246caffba9ef96fe7e891445d090ea855825394b88803d582a7ce7ecb8d1b8aebc5cf04020e0d07e251cb765342074f0c6eec7be06c107103a0205641eea744f882aff002258f0b531136d654cd8050f223c7da17f07179065b2ddfdac568e1bf4c01da448caeffb7d595c4a3671abc1681a6d5efaaf8790ab404d6657f866c599cb7df718083d459ac5082074ec254a2659cd60409be2ca49652dc39166c1befe93a153f303ba080d55eb05cae8e473d0f1552ad07c03fb61f6af0313f136a293fa62ff00522fc03235553bc3ca11c89a7d043900cab18d77a17524f0abfcaed8835f64e7c112c9e8378bc2770088a86e04b413804a406ada422081f6208a5afd4e246bcca9a82eff001b02d52f7e961998fd3f84ef1361b135c420afa3e7e9ba0bfa133f017ed822703f9fc1aa930489e8a10f4569c6b9912e2b947baca0e54c4d8a1e78c6433e5e4604201a19625552ecc7a06258e4b1cb2102ea90286185d5fe885e523d7a3620aa9c92c12fc1ee3d4c81857ed9621cc7979cfb4f94027fa3d486cbe000e65543c4a87041b9612c93c46a56c0d3b604cc958bf93105df54aec82ae6e25097f26586810b6ac561c250dbe6867154a6073674c0727a2e91c7cc2d871361564b079fec80fddef441f477f4afa14bf16f83ab63259a9db0444a308ee55f4cbc45158fd847e4b2e06fd8a016f9ff00d4e3143b6e4bb9165d2e663ec4112d82069106c21f10562e7749011ad113fe182a9eee200dc03d8638c9359b364fc147b20683811c53e33345cdfc3ed1a20b97261f072a1e70f835e1cebcfab0aaa9d8c538644941593397455c0c0baed3728e051dc6bc5db6b7255704dadacb8376bb878957ec6b55f31dcb43c35570ce53b1252bdabc211e9f86940777b210c9815bb81c44178205fb256859a7c9064b5163739ad88b7f3ffc7da1943f52cc5d7ef7e1d9c552cb15c904d8e929388a7ff638804f11b6c587ce8bf1231d95643fdc8ee33a4ed2d81157fdc269e7473d421995254aaa27b654074a0b9296af9232914cb84cea4e466d33082d3044f6464b6929e290fb4a7015a227d59f856085cc216a391b834a9b8f68296c1c3f97a9082f2c63c4fa04af5a89293842ee157b456d2103df41b122531ed5d3028ab03dc5bc51dd471aeb075349705b57c307da1f5112df2aa7c1a32714482e970b7172f0c9d57dc01eefb962de55e6177321c259f242fd291e62f1eda5462dec5b88bb38c9156c60818216443fd536017e845fd4245e2df66817b5087d4b41f78e098985c5a285dc0e6f241a1ff0464128f2fc87d4044a8708a389d6f574c1f47594d89094332de5a89429a379a834b9f148d56a860fa57e8fdc1277d0fd0cff00c615f030a2dc600a255695d46cb9a973a929ed15f20d5b8bbd2e10b895dbe58aaa050570c4056b24ceda5890b05da751ed328e51933a882da34aa2815e26f1c01e29f547ce76d487f8587478894669dfc7c26704702259d3c9a31408e127e37d0be81f80b90f3ccc07ae76f5c89001cb29605c0a753017281ee7264522bab7694699400ddb487bdb47c33cc2dca33c723352087da3cad20a86602749f098a14aa60bf887ec36fb9639548f4b7b8bbd9d82a84c1ccba15d7e0c1f539590b0719b990aac7acea2981773604f33d585a3097300448733436a67c64ff49db040da4dbd02906ed2e67ed293a687f10bde0fda6ffb2681f1494b63a481adc6e5412aaf6242d5127242300c956823e09a5bc84d3cba32a3200a1eda67a655e33328cb5a18d33ea524c773bf64849d44d0ab298abcba5e18bea7796f429d994469227fe5d2fa57e90d6a09c3e8e94381a83d8a7454abe2ca2023748af47a20799131ef6e48ed83029b6ae62f6dff005c2d250abfe6f736a51484d25e502a29d93c04b36e1334264b9207255d601e598cbb1d3d246b9261e3c46bf05c0f24b53fe423b1693055ec7310afb51c450b250c51f27f19cd251d4ec2c0fcbb2974b8732283f824940fdb892c3d09d10d7ee66247ce0a6ee054904ac8e354cbd0894bf4610ab72ad4c21b9008568327b51ec371c4719370651679ce1f7235f497f4cc13b07be33a6b0f29c287c57941760e348b5a4a2ca81af4bddd141842b2be92066fba8ec98686d488d070c31d6a9c33468856a5483fce235cc6009950adad40984b7e2317c1847d2afcb7e632a5e12f89d4e67f02a98d6470e7d6e2e5cb2314b39fedd13364b676bc8441406a46db648206a8e09690d6c119d1a3713126555117b1481441aebfb2372c45011d0edf413bf340f9c8396a0a03e8b1e972e2fa797d1dfa5c5db4e03e57dc739a96fe07d2e05a816aa4be576ced937622f8ee772d2b10dbc83689e648652c4e2ca7e4c9035733892d2309878fc603798b6af720ed3e427953b92bfdc041872cfe358d6d34628223aff6b80297108b6b8272b7535f3e632703152afa17d3ddeb67d469f10d97327e108d7f6d91b3ecc113a4eb908a413882262615ae7430c65959b5cac182200c2bb460a80784e380607110d6e0d912e17b5314b8c69fbe53890352f4185fc47822aba1b34cbd4750ca2e2f7df02ca8aab7c72194e58774881c8388bbd1bea42cfa07e0db5f02d7e20d01a9d871bd5d6178005ff02962e2cb728402fa225a5b0aa8dc5c50995505648bedd1f14e5a144bd978abdcead09a22c4f01328aaf310b5ebc22f6a5ae9d1c8222a82a7d9639c629ee4ca72a20bb188cb3a64b6ec2030a9f43da042bb498726e3b6b965ac903147d4bbe8f9afabf247e7ef53da683b965d9884198df973db37924ac1cfdff2235c2a1e6e0c23c09cab826b2c71bbb33030b654ad11cd8944ba12f9547a7104df050997c8e221402230755d34bdb0d2cb450c656e1fe8820b6ecfbb4d01ba80db7b572bcc524432267ccadbce783a2609dc75e4aee02437622455550a978c39012d128de27e57517f43f9fa2402ad06d8d1bc00c052b7497f8499c972a4fa6677295be1c0a261951a51d47cc3472801aa4c02b98fe5840b8d5f159972d14302cbc2f8f30484f9c0000e2c339b135882cf2f539ce1bb3135dc61de0a0d587fce495b24bf988478c9b47043384cf6638122060a5b6df408114469fceca5352a429a15aaf2cc43ae578410c9b1990b6db463a25dbb688a3c40b5e60827c95fc57f466df2c69615eb6821db575b7f32ab95b00352a32c411611e6a044f3348182599200f84fd1f58a2dbd42b58bd093149222b2db0d3e25ccf52d7af11873b070ca11db426462dc08d0b64fe1021ec1da50a5e882885dc8c5daec4e3216baa449f9186e5f76c83a5b028eae8078663cd559a7f944a6af1a9c0907723a1a0c1bfb1460848494f67926803a9d88b4ebfa0d10c6afe6a44b97e972fd2fe2fc47e8d88013d2cf24425e6bab088627b049fce29d2e6f265e27749ee6828288fd4c17f1a39a58a519a33aa82650a72fa2250c426e1558e1905c029226eacb98ca32e7d7394d842d23414f4b89069e4dc750cbebf6c871c404e8a3abc28cb216b10d385c883e2a5403a5260c7639b0c154b21ded7129943dedd70250d594e7898514196c6100726bf01635bd4b59522f1c09311bc8e1d7cccc7e49f475ebedab14c66ccafc7f6267461af1ea311befbe02b986042d98a00fdaa19244a7be9324b6518c595470f2f955b395ed00c2007260742f44d732303ebd7bf81e612c256ccbca035e536bc010cbbf5f8f28763374bf9cbd1467bbcb14366b016ff12aa080210c8b9f6ebaae612b2976f0486b77fdcc3d7f31f4bf9b8f43e9b07efe5a43b684ec6791ce8c1d1ea1378065606b4093914099e5699b4589019ab95b4a0ca716d74424add2e506cc03682b3645a036431872134867cc38c6d19b56b114062aac42091a63583196a7825ef62ee8e842ad898ee2170664e577cab31277ce0836b226ac4cae2d758caba8f3f2c9d9ebed74cb972fe457ca3e853e03c101561dfbed184877cf1522263d69cbd0a833ba21ace40342ebb87dad1560da7e4a20277e222c0750f9e2285fb53826ee735f27da38b19581602c12fc0bda58346d7444d16dea8bdca0b4d9ae3a5f4e17a62d36385e2358ab197529be031776bc95d40870430f44281d6998113d3e48476ddd3892e8249c9e8bad4bf9151f86bea352bf9b6388cfd41097f8070902c764389fbe550e6588e29ac69642635bcd2683b5e257b54b2aefc22592fbb51f1c6f476f10c20e0ab2a73f4b8ec442a98068b9765b584c54b9ce670e06040a9427101209306e30c1eefc6a857b3f8a5105921895072de3978d65dbebae8e6a24f4b383ab8ec2fe4e01afe748c73647241cd7a12a2be1a95f500ddad141361b3c6c0be473300de3544fb4e4c7d0ee25c1523c620f969fb7e06546523608ac5c633e7912a5835ddee8fdc53c6c28bae7aeb18c02a966105dda45cabf980ad3351b4615808c4e112f514e5322018071a48d6315179951bfeab11b2d31703e320d43d56418e00c299e91f36a7280661ad800b296082d533c5bc4a5c674f62ac3051109570bdb4bf9a71b26b7434035d203c88477161c9f5a7dec79111b47b06d8756531cef215ca8735de1357d6415ad124d8addceafa172629b453f64fead4b14b65e3e0ee24092d04010a84737acaebe3872c565061392027b9aaf1088560bc691abd166986d0e556420101d973f35394b112d2d91685cdd08a72f121c0810bfc220d56303429dac0578cb113cc33957d4a630053f7c09bd5d81dcc4b66b89695c982b11b8a44cbe48bf400db0384503ce044413e4ebe91a5e4e49e2c218c21532b5e18f82b209860b2824c79250759809a80e6910797010caddb49710659547a83ad25c20c31f1d56ac8015e4484ba92e97e7f532c43812b5c2987a8a5f2e188ae8574e65a10503a90a384077bdb293f21061f3dcb6c0c71778c356273054d66631296a6eb772f6eed6e98c7f2b9388bb97220b17aef2e52a664c19500c8781410c534f5c6d96e19cc29ef2b9cfea6b2fe8232c70183585a70371467129a0975c5696cbc1a0f7c593eb9b004291c8c10d6e9be7c569bbaff642e1e2d09676348289023838c1a0558c79e17b75c5b1b44d628f4f082b8d2de65b6e60cd022351a4b40112fe4cbf5663512437a21ac90a6851511ac2c40e9443c310f9d40558555809004e4d16c58e1d3772704a19048a0d83b9950d28ca47c42230b4ad20de898e812457e6080296a0d698ff0010028f3a73bbb2ea0364c15ecc31653ab7f6b2d2566ce763e264213751b5d0a48c20558aa9451f8481f60511c167244e9847df98fa3494f5361c9284a435f13771653c178772bd756cd95024e006015640ecdd75527a11c8eb4f90c562124e61b5bc84ba5b0c99199a01a65c1e52f984475539101557640545cc548a69c96c00990d86a1251f1a8f4a7446a4798e8837b20e2257e5fd9e48607f440b0550522fa7ec10a95e5c8c2211e28604832359be32ddb2cc2a8b943f625c2c2c70ce34cfe8e57b38788d2deee88f40172c7e108ac2d288293b8f6c51195d88d7abe4e16b92d0bdd7895451632dae5646ec131d13b91106ea5a1fe680845e4bc4a8f0c44a64f70243bd3a129c8712efddf51c6b8b3df980d6a00f4ff62747c4cc5eb2040f291a70353d13c773386994b5cbcd8ecf5128963b1d31b77e9483d7e81708edff00d41837b7d8a24033af5d6b3676215925e896aa50a6db705bda19282d03cab261644756b6163812ee56bd70c9e46f88085dc0179600f72d30c0e90bd76589b0540fcae586e02c87e65eda90a7f19659d0c3db7a21f8a12cb260a251100c4b864e03f29b8c309b2d105dc44c2e50ec18d9223264e1f1204d5242c3ff00847d8df5ff00d541af5a8d0e247639440ddacc3b4a20d9ae07ad665bf59ea7b94ee35927932e33a81ad4c41a036c2f66ee2a1fcc086eb39da6a69581588eba42267715798e8959029b06e904b6cc8c5ea530b199fdeba94374d142f57321a9693571c686ea525fff00d79c075f153d94c9e2000a3ec69eec5f0ff0f0dd8187af02c3a8409454915045910a33838e4c7bb5d1c6e4100ba6306c7180f1d44b4469c112ddad000443c2c3aa251584e3ff00380235b56d0096ab8937e264b7db29c8c593a632ecb9b58ade18c526fc0b492b28489770bb7d545f789a09c13fc90920981d590e3990f8a9abd3ec8e6772fd5b766c9a6e939e67754f61867ff30c51789af6f0afac829f948569aa1e0c5de27968e8c358216b03dbe61c87c9c73d45ad33163d838ee07a41192c8e3b128c21d764b672bdc6368b130b2cff00c020b70d45819695b635958170177ab205c89a05950c0dc0d17c99f8bf81d102e6ade67d8c5bff00819e565f0389a071c438c0b3129b94e92d6892ae4045f7758306fa23fc8480129a4a9bdc95167532354158212445ad500733fbaf45180b0d3efe206fc4286617eba544a86648d0565d3f702e0182cdf520ae82de794d99871afb4a2ed475739a10a89a7e72ff0094a521da98acba8ccb6d854ea06cf4b817d5f98c48e69324e73bec57e988ae204977bf8f8135109f877985b408659e768c21725be6a61bba84aa350b8d22993c5c1f6a291dd62a2cb18d257d88be4626594cf56d412f65f106acc9743294c543fc189814a5cb091a6499d1aae6207ddba3da32bf4a869304c35ba792520178a80841121520082554065e5806ec86b3d99b236c75180236bdfd720a0bba9701334f3e25a82fc5692108280a0fb23839443c897a9c95f0afc16d90a69ac92b8a8ee4d031ee88673cf300b3931a4def3b073592a5abf64852be864121afa03989148ffd107d747f24bac59677344d1cb081b2d4708e6392ea6dc8f310f155bd65ba596db476971bd43b530def2f4e3e27607188ca8da0518578831559d51d0f97961148b43b7241890462545d63da11e8c51df010fb03ebccd3070a7fc515efcf12fd0818ae3155e964a01bc372e5f1428832394cee8c43440c1b4ab1df50f63b2124335ff0979cb30b7f5cc206a93407446d170aade6f5402581273dfe23180e45beee65972e0869c53146c82604825a97c189541d037f306a4ad070834a3460a6a2359748f312c81574f1249309eb3ec2d8a1798aba2222978b880a0051f2dfab49ce878840693c84e49c3f83102c6cf444272c87301b9af1e088b055629a94ba8a023c903bb7f4c618a02df94bd0d81864a50ae049331c39ebda323041c50891d3ab870e29c5d918d05355f2c147df915599740dbcc721cecbfc4968a5c3052e980b0e48c738fb2e3960791d443a1923a8d22a38f7cb2809e3a547dbd7587846468280f9fcfcf7d57f11627c792580b7d0656b4f7750e70714c64310da3cc5a2dd6efcfa239fdb0f21e18890dccff9e43f33cf1108a62c8586216fc49718a32540fc4531cc890f5328ad8fd988d3208d07981242b6f6ab6c7e80ed24486e18c5b2ff00741b312fb1541088e9639210956b31742db12b89409358cabc9c103471ff0070f8802f5a00f86bd2fe0b972fe96a3f0d42ab79703d59508c0aa579f24ae94d3e58439299c5a08b70c45b042200733a1c47093bd07be1195ece197c2486cd8d52fc0445852d9a9e597abb67ba696401745efc2e26a03e06992a50ad3a8b9648e332dc2593612a8d8d15a5f988e37e11aa9c4b799ab7cb26c0bf58886ae3040b908bc6d6cec8ad5b042c72a8b41c937723ebdf86a57a73e8c6f2fe82305a741e3e09b5353c62627acc776946206e6554d89a22d968c79e4eebf0cdde328eeee3a89edbf9e235ded799b1d1d14339a4904bd9c37429309b21a6b9659a66cb93cb1af1d8890dc43d194ab3f50372495f42163d90d10935fc6fc43d003d131c102b21f8308854d84b5445ad57b91908afe34ed0bd1eafad7c57f09f575e65f05b1a496e16ba32c82e18064a27dc1d1fcc3be3437c20828555f4031dead76c5c64a836db9637551b636bf10c4ac27630dc85d3beacb056888a8fc4b366638a0ae08ecc52508daa273a2c77348675d9aa91ef0704ebe3e1c57ad95b2b577498b978feccf0549579260fa1022be47e7e51f2abe7f533f4f6587e2acc18af13d68654a68b08e19c1c0f1d2a33f82232a98753736082b68a2820547100113d102343ca255dd0732c9ba575123c162f5c1cfa59a0f86a54afb8a5c787cfc1962cddfd8936a86963fc2002dcf0194dcae38757d25689ee22cc21344c259054584f1176b43cb80954505bfc8648bd7be5a6bf2e141f29254afacafa42e8ee8a5db7bb22d500a5184846b862e98a7e6d1870a456287ffbd96df90e88f000500507cfaf9873f32beaab3f475f154e7fe1552befceff00e971ff00a88c2a04822e4eb4d0b6fa6faabf4759e25fe6e93d1eef81b85787afa973f61ba2f61527935acd23bcb66691d501971524a121eafc35e383099f4e2eedeb41c21a2ded2003cb2e0fbda4579a3337fbdb0f0708414ddb1c85d62e37309e2f23d7f525fea3afbe87640e4a1eb876b9bb3ea72a75ca1c9e13b262f7b9723d15feb3a3ef8c3305ccfc5b8a223ef50901d814a9960886e330b81158352ff59d1f7c659e8962406678ec707b263c1e0b586e46a76b4d14916feb12e553fde75f7c60b5a30f20fa09192cf6e6407baef613aa469657939c2de19fb5fd2fbe2c57ce10435e0f51853a8ea4a59f32810c4d503817caefef83fe904adf9e4e59ef6d8286b0423a5f5000810291e48d73796fce710a46e8a6a233bfd1fdf1b7669a81c5793c491168283d2fd6c5fdb5660816d5dabef6bbae8ce1172989faf685cf232ea27688d6b01aac884b2213222e07c115d9e89a4da930c3aa621dcb416349454931c8946112d871ebcc7eec8c2915f7a6968953a6488eceed47932a901c967329305b3104d343ed3dc08960d9608b370cba13986d1b51899af5e4fe11f1c4620b81c309fb6b7f3424bd522b57054bcee2e7fc120e1422b8144ce60d74ee8b421045778e97ace6d61d4f223c885014a6a5906bdcdac8915005043224c1dc4ab5fa9bfb357c87e99f917ff05afb1d7d166ffb71ffda000c03010002000300000010f3cf3cf3cf3cf3cf3cf3cf3cf3cf3cf3cf3cf3cf3cf3cf3cf3cf3cf3cf3cf3cf3cf3cf3cf3cf3cf3cf3cf3cf3cf3cf3cf3cb38f3cf3cf3cf3cf3cf3cf3cf38f3cf3cf3cf3cf3cf3cf3cf3cf3cf3cf3cf3cf3cf3cf3cf3cf3cf3cf3cf3c73cf3cf3cf3cf3cf3cf3cf3cf3cf3cf3cf3cf3cf3cf3cf3cf3cf3cf3cf14f3cf3cf34f3cf3cf3cf3cf3cf3cf3cf3cd3cd3cc3c53ce3cf3cf3cf3cf3cf3cf3cf3cf3cf3cf3cf3cf3042cf18228f3cf3cf3cf3cf3c33cf3cf3cf3cf3cf3cf3cf3cf3c310827e3ad3ce28430f3cf3cf3cf3cf3cf3cf3cf3cf3cf3cf3cf1450435813cd082411a853cf3cf3cf3cf3cf3cf3cf3cf3cf3cf3c614d90d18698b10835cacf3cf3cf3cf3cf3cf3cf3cf3cf3cf3cf00f2ca3c7159a3a2f1182b4f3cf3cf3cf3ce3cf3cf3cf3cf3cf3c43cf00b39646432b6ad99c3cf3cf3cf3cf3cd3cf3cf3cf3cf3cf1873c6149b9c06b2fd78290f3cf3cf3cf3cf3cf3cf3cf3cf3cf3c31cf2822f20e5a2d2a019334f3cf3cf3cf3cf3cf3cf3cf3cf3cf2cebca10d1cf3cf3ce3c374d3cf3cf3cf3c73cf1cf38f3cf3cf3cf36f2c118638f3ca2422c394f3cf3cf3cf3cf3cf3cf3cf3cf3cf2c53cf28faa01ae28511e04f3cf3cf3cf3cf3cc3cf3cf3cf3cf3cf1e73cf3cdce320904b6913cf3cf3cf3cf3cd3cf3cf38f3cf3cf28d94e30702d54302c2a73cf3cf3cf3cf3883cf3cf3cf3cf3cf2cb0cc82120b02f0a97a57cf3cf3cf3cf1c72cf71f3cf3cf3cf20e2011d23428e923598090e3cf3cf3c72cf35f7d37cf3cf3ce3ea262ca44cd00d099d3f62a8cc34c3873de7df7dff00df3cf3cf0c32c70471831068c23664365863cf34fbff00fdff00df7d07cf3cf3cf3cf34f3063c21b0873e3756346c33fff00ff00c634f38f0cf3cf3cf3cf3cd3c014f105f3f92ee61b5f1a059f41d3c33cf3cf3cf3cf3cf3cf10b269a8120baa914643b6d2a41185b4f3cf2cf3cf3cf3cf3cf3cb1403056c520ea660056214730990cf3cf3cf3cf3cf3cf3cf3cf3c88e494f05f20634931ba2d3cf00f3cf3cf3cf3cf3cf3cf3cf3cf2c72c1a8b9840c67432eafaf3ce3cf3cf3cf3cf3cf3cf3cf3cf3ce0dfd4d6ec645246d93552f480cf3cf3cf3cf3cf3cf3cf3cf3cb3df7f644a9792499835c814baa53cf3cf3cf3cf3cf3cf3cf3cb3d3ead0dd08ac6d2c65851c80a73cf3cf3c738f3cf3cf3cf3cf10f7f768504f1ee6f6a0ca8c0cd7ff00ff0073c31cf3cf3cf3cf3cb3cf0cb38638428f248ace2862c128dfff00ff0057db7cf30f3cf3cb3cf3cf3cf3cf1ca04913751b1cf2c338c3cf3cf7df7ff7cf3cf3cd1cf3cf3cf3cf3cf2c30471cf3cf3cf3ca3cf38f7cffcf3cf3cf3cf3cf3cf3cf3cf3cf3cf3cf3cf3cf3cf3cf3ce3cf2c33cf3cf3cf3cf3cf3cf3cf3cf3cf3cf3cf3cf3cf3cf3cf3cf3cf3cf3cb3cf3cf3cf3cf3cf3cf3cf3cf3cf3cf3cf3cf3cf3cf3cf3cf3cf3cf3cf3cf3cf3cf3cf3c118614d3cf3cf3cf3cf3cf3cf2cf3cf3cf3cf3cf3cf3cf3cf3cf1e1ecc20f3cf3cf3cf3cf3cf3cf3cf3cf3cf3cf3cf3cf3cf3cf3c50091bb3cf3cf3cf3cf3cf3cf3cf3cf3cf3cf3cf3cf3cf3cf3cf1470ccd453cf3cf3cf3cf3cf3cf3cf3cf3cf3cf3cf3cf3cf3cf2c30ce2cd3cf3cf3cf3cf3cf3cf3cf3cf3cf3cf3cf3cf3cf3cf3cb3cf1461cd3cf3cf3cf3cf3cf3cf3cf3cf3cf3cf3cf1cf3cf3cf2c31c90c73cd3cf3cf3cf3cf3cf24f3cf28f3cf3cf3cf3cf3cf3cf3cf3cf34f3cf3cf3cf3cd3cf3cf3cf3cf3cf3cf3cf3cf3cf3cf3cf3cf3cf3cf3cf3cf3cf3cf3cf3cf3cf3cf3cf3cf3cf3cf3cf3cf3cf3cf3cf3cf3cf3cf3cf3cf3cf3cf3fffc4001c1100010305000000000000000000000000010011702130608090ffda0008010301013f10d8f289490000102c3f3ec0840205080028536583317fffc4001b11000202030100000000000000000000000111506000408090ffda0008010201013f10e25020851a3040622d620044807678601009c00302000810447000000a221b52abf176e15334d500805e1e82215003ffc4002a100001020602010303050000000000000001115000102030314021604151617071808190a1b1c1f1ffda0008010100013f10f9273e8ebfd017fcabde7bbd35fdde6fb7cd9a42f2b8cec737782749d90e1e208f6ea11d28a931be0768e098e3ce3675054e0374ce876372b4f9b466b0ab534abbff00df4a73138c6e2a5652f7ecc74247a40a25ea4d6b4acb5ef97c1eadd21539bc6733592b3ea57fc4dab4c4d144623f11c1e79ffe5d3efb426396ff00d67baedd686d521e287c6ae16ed245fe34bc1fbe7f96f688b9269db7abfdb876aefa0234c5f2ec2de00fcceac7acca626aa1f23e7b926b91d0dbb4726eff002672b2a4c1e75d33581ad7ebd973a957c5183d12b9c19af0f2ae7f247a9de7b2dff21c47b751efcf6bbc595efebad55c30bef29441350c9f6b73ee8c06dfcc29fdba8d431f3f9a679f975f5caa2d5f09765ebff41f8528e2dbe8f7388723ef3589c179080d8bfc1729ae705b7a1717685efe941ffe5deb7dcc807dd7fc3b49f833a0b6534c9c45dcb799fdb4a3549faa7e25eed9479254a7bdfc4d8bd4c4b3bfa5167418fc5c46c13ed75b3b1dd926ff00beedf967eeed9adefcdbe1ca97d3692f9f59fb643d77ea5baa12518af4f5d034a46705a7fa9776ae3f1a313ec91ee9349ccfdec967252e89c742f6da7ba666cf3d8def77a26d9a8dc628dd5e943180d156d65e52f7996f1b8be1d9c581fcdac39fe77fa4ea7cdf5ed3c6df1f13d6c4c64cac057d70bbc4eff7e86b889c58f858a15e27d719e65aac36bbcf0a0092eb9b797fa4cc9faa68b644f05dd0f39bfc732dd42e6653aa1218d582ab47be1144805ffcaf8a74340df7f3dae4776f5a5873fdb69d19de97a32273637497a2527d7ce01e62309ba255f9493f7ff2b5a66562bf83fdb033d62cab89bb23ec9739ff007443b7058189d861d732d536b38fc09c1818430436028ca02bc5cbff00f2daea15aef7bbf9659fb37b7d7fee7131de8df3c564fee7dc32dd5ffdbfd01d73f7f2ff00baf61bbd3c4ce178ad44a95bdc646fd811cdafd764f8ff00720dff00f430dbd416dfdf5b502efa2ff0bded2bd09f697eeabffd37f445f0a0a3f8ef54c8aa4ad805487ff67ea125f00bf5ca5bf0525bf761be5f1fc879bf7f89bd34d2c231a5147119052d4a142d72bfde3111eede9ddd1d8957521516612f779bab5aecfddf29e3b8e91cc49abd980bb3681361e38376e001f8f169bacce88acfa62ab38b24ee197ddcabc98caff167ccb7b7ad35b9b4f1923f6b6feb019ebb02fa4c5825538af6715f62bd4debdaff007be73bc708f1fb6f28e6e1a7cf349e6e6f602d9e4116b65a90f99fb03eb609f3265f1af663ddcc692f6d7f0ed3ae4addfea3f7b3a68f356ea8af686a55214fdfb3ef7c2cae111642348fca269b85cf7530bbfefbdbf9a1ca445ebe6f21f6fbd0ba3f29f30ffe1ee2f2527ad1af1ccf8793771873180bd33dea9f2f7b896bbea14fadf697ced3e679dea988c8d1b5dce07e67cec474fd2cb224de4a2e26adf59b0f9b0a4f6b29a1f1777951f47b021fe0fece3103778af41eb92fff005fa3fc7150dfb149a7f2de77ac55b17bf5e8aff51d3b3787e514bdd4de393ff4bf3a53699cab741f3df6bda3d165c260c647ad698dfd45baefb91bdb10ce2174e7f16df01aefcc9ff136cef3bc1ba89de2832daf20320196b4dcebf18ab74b0715be8011f62f3ddf263d277f08afce236b14d4b62b98dcf47fce90daee6c1e77629733d0c0f95a2f970b8fa70b408b169af58c6ceecab69fad36e12ebf05df6b53c892ff006b66a866caff00814d5a5cb275ecee1a22f0302a926b80e55c55e73ff96731facdf84fc4d97b76f26db93f616be17660951da3bf0f433e6a7dcbeef7cfcd8d0683a270dd6a4cbcb7a20e38e5eae52e0f0c5181b5815c1a479ebf7c352b5ca883f45f5a087bf6f97b67f28982e7e6fa9b2037906ade6dba8bf2b8d6e547d7ff0076cfdf235cdb84666125b4e5f81b32d351e6bcaf45da75c5fbba7ef755e84f76b1b79a5444da698325527c78ca16ef31b14bb43c754bfdb8b57fcb993ff0d74e0387be09ba2fbd3e78c9f36aced0951b66245f60acbf21e531e8457707c05b75554e33c7f7b285dede42f35f7897cc3e667398688207ba06615f71d22b597f8e081b64371b93f688927db53bf7723ffb5bcf2a97f7db7f23f90f2da0ddbd21b5af4ef385fc33ca7dc598fefdbd49b3f3736eeacbd7c10cdf92c8fbc3a8357b91f05abf0fa3586bbe6ac4dec751ff0002fdfc0cc97d4038fc1fab3aed97deb7bf4fbb3dd91327ad4f836c56feedc5e98e50ac16ff00f06eb8cea3dc67f75df6a164c7797de1652eebc0c5e9de375edd3987db1802f34daba63df6eb69e2c7217d292464517bcc0393ff00855ffe966f47a0dfbbff006da813c6a1bd5db7c5660afb3abf3dea7e6ecf7ecca178559c73889346b9e322bc58a870b89d63799157f3afa9a8cde1d2e44059a5ff00efeb76b46eb79ecb6d96ba7cadd797b4cf9eeff8b45dab46037d1d73bbb2ff00f828fbe63cfaaa97fbc0e17cef93703ffce9f48abff192c7ad5cb8fbeba12acb670f387f90c4e2d9d7e691a0ac7e77373b2f6d5eb9bb82e340bb01e6b7517ead99c3bebcc07c15bffcdbe4ff00ca92398eeb48a41917e2ff00b30bd63545ccfb7781b92bc06d9a79edf1126b72c3a557bba976ec68edf99cdefe779a6cf05ff6b09c6f69a735e2d710fdb74bf1cbf7f6b97d95bc3edbde38bfe13ce6b6ea17b55e7a77171aee339554d47af373be39e8ad4f13d02985ec74ff001799a9034dbe1563add5eeea0fe00f3fee16eec337c9323dfad00fd2ded7b7b1bfee64cece6403f6291b8ad2cafa5d3221b383fe8613e9ee35dffcce5fc4b69a97947c5ef6a932b896313fed4e3ad5c19e7ffe9b877ffd5ffbeaff0060f05a943cdbc7516476bae8c63ad2f5499c41f37fa9d77e7776ee6c3e26f05fa167eb5e4d6efc181ff6308ab6dff34bdfd5c2d89e7d6e0e57d109fd34f1614e65ed96bebb3d28cdf1e9fcd6a7ae36ac7697e35ac0587c857ebfb5abebf60893827fafc95ff54306ead3ca68d31923d923cb2fdeff0029b3d9ff00d933eff6f9af07e25fb2fe4afcc590f616eea0ed675bfc7386bf8adf6fde2376999524734fd239aefc909a39fc2b940aa480115066fd96ccb5f900c9f03029e75e8dcd0f8cfe8396379ed786f431e0ce178cd89df4005cba5649ac7acad6a6bef6ea9b370aedf5bf88692a59f03f18ade7b6b09f1bc102a0be2d1dac28d3472f3f4647ce1d2d1ff1de6cbc9f8cdefa25f7787dfe4df0efddcfb0daf5e732c7dbd79ffdbfdb151f0b9af4fb0ed3fb5f9edd4d9f34f482eee1acf832ec32cbb26777d53d294b78a73cfc07a3997174e7aed8729774c82ffbc7aedf31c3367dbcb533a81e16fddeb3b539f497ed9f944941e5ff0070adceeec7ad2ad3679f4da2ed5ee36743413d383dbbff00fbbe6121dffeb746cbe6f6e7ff00fd672ebc1050fcce79d78677b3366ffe3cddc7e78efafbd7db2ad03fbb2ef7f511bf61ba20cdfe5f956d64e6fb0d1dd99ae2f37fdfefff00b3ee18e60ecff6fd68be7da78c5a0bcfb8b7f51ffde38d9edfdc0f97ef671ebb6ab81dc84f2b835dbbfd3f99cf5f3671e38cdd1e8cf177be7a96f9efc2d45971ba5fed8cc6029f34b6ade80eb5df6e275dd93d3da7ed7044ed846502bef91e28a67387d347e876cf47bfb6bbf967bcbcf57b9c35f8fecf1f9bfd6b93703bde5dbe8bfd53e086bb55ec89107d8333f59a104ec3e1a445021ffc2ddef6460b4b5bff00fc53ef96a5a6745fe0937da02f3ff4bcae96beb393e2bddfd8cfb56b527e9bb3b375745ae03ba68bb57d237dbe0ab4e1f1e2f8e1119f3ded755d243f5889a5afee9e4d725a7e7f2adfeac76214e775d53faaafb975dd665b73df79dc9f08b1f4c8349039b7f570839e348f16acf034c9caf1fb6d2ddcc385dafa94f57e40067d9f26f66359b9bf76ccbba6deaff65bd4a4ac4e57fb769d9d577fdb8c72a9d6cd7f98cdcbdbc3e78ac5fd7ca43afe4f64c40fd75819958cb36efacb4b995e8521cf2fdecf7ffc296752ff00f51d68cbfd7c1ca6b36df7c6bff71a7efedbdc7df6facf0dade8a9fb9e439fe07a2e1074198119216bc30ef592863b7a47b95fdbbb169abf6d97a446d3a7cfa0cf3baddbadab5def90b9e7d267fb06973ac9ccf3ee17d747d3e3d5a8d79568399b48be94b11e6fcb66f8e57efa198bae402905ca0badfcd7b79a3f8f08fe88b3ce25bfe9561fcfbf7bff00e30e3f71053aa4daf43fde735fd64adfb9e959fcc79dca7dea9ddde6ecef0e636a433bf2cadf54eabfee95781f0ff9eda21bb512e3236efc99f70df346d1b0ea3e4e71ad3571f7f7af0bbdaffd414d1b26ef79fd3e5be5f681d5e77ddb6b7e1d82ddfbcf3ff28ed911566f62dfff00eab5917d06379b06752df858b5ad9955ff004b80251b90febf117459cff99b7fda52f9a135bb5e3f04ddfa4b37d7479b7ed4076c762bd7b962dbd9b4e99dcfe5675e4cfecacefabde0ba928e7fcff8b95737a4995176f7b6fc4f63ea50d7a7a73fb9623319b4c52e665d5415deb156bfff000d526c7b99afb27e6f453be852621770e5dcd5d8d2ebff00517d9ce6592ae6fe55bc7e78cedf586230f2db124584ce4ecfaffb45dd25360bdf757fde6d0fb5195555d29972acdaf3e5bbd4afc8d364a2718419bb35d905fd53f77d7fd7d3c34fd9f8dfb9a7933ccbfdce777c1a0beb85eefaa4c74bb97fe658fbd8cdcfd7b47e8b58c99cd78aed260fb1f0d1b4f4bcc9f7c4e1067a30dbdf52707fa36e5b8653849a94fabcf3e9fcb91dc0631dfe30af1df3ee734de2977e2f45187ef67ca1d677747f13cd6375cea7729f7662b72cb96f7e53b66ff7116233ea310a6f32b9312b54affecc73d9490ba6d73b2398b6c495df4eaba1d181cced1b5080edd446ed8debba6ff08feb565fb1f726d1b77d326ff3f3322052763bdbc3e4e261b7c975f9dd61489ebf9bf2bdf8b97836eec7177777ff0073bcfe6a2e723f7c0fbde4439da38d7444f4f1adbd791df6199f955b582eaef9cc5bfd7f1033e260773835e6917ff4e67722be9f26e8ff00df6677c85931576b199d5c9ff440e7adcff93e7beae48f66d55853698d33a3fbbfab3edf7ddf09f09b6bfbc1af8aa7eccb42f76bd53d0a3ca2c85c7f1496633f3d405257f020f403d1a39827ccfeadb75fde5fb9cbebc949d18c5a09bdfc9f47aa5b57b69938f372844aabe53156cc008978de605fc2d59d03f4bd20cbec4dfd36c4ad64b8cc213f57e8aaeba3dd8a5fd2ddcfb315b36e76e8db5ccea58213d1987c36478cb718b9f2c9b98c93e3a0153e886170f00197b59bbede3a1f44a3375615eeb8be6f3cf3fb98304164a29f8194ce9846c3fbf1f25f089573375b5cf70f40581c8343197efb3fdbe0327105b9feb57bf49ed86ab3f3be65f74c715e1a2cb419efa46539dfbabdbdbdeddfc983d4f0be5a5d7f6407de825ea41f678fcdd70178e030e521c044acfa57d880283e932d9bb89c18f65aa4e6d9b0e78443bad053393406660d920e24bcb89679054d1bb16ee674f614cfa2669f5ce7ff003243773758cf7fc061e3da5abea79aee7f436bd67b3a533494cf859ff060fcac12f8d2c86fd7f237e3db3e5cffd9);

-- --------------------------------------------------------

--
-- Estructura de tabla para la tabla `subtitulo`
--

CREATE TABLE `subtitulo` (
  `id_subtitulo` int(20) NOT NULL,
  `idioma` varchar(10) NOT NULL,
  `autor` varchar(20) NOT NULL
) ENGINE=InnoDB DEFAULT CHARSET=latin1;

--
-- Volcado de datos para la tabla `subtitulo`
--

INSERT INTO `subtitulo` (`id_subtitulo`, `idioma`, `autor`) VALUES
(45, 'español', 'linaVera');

-- --------------------------------------------------------

--
-- Estructura de tabla para la tabla `temporada`
--

CREATE TABLE `temporada` (
  `id_temporada` int(20) NOT NULL,
  `fecha_pro` date NOT NULL,
  `fecha_estreno` date NOT NULL,
  `id_serie` int(20) DEFAULT NULL
) ENGINE=InnoDB DEFAULT CHARSET=latin1;

--
-- Volcado de datos para la tabla `temporada`
--

INSERT INTO `temporada` (`id_temporada`, `fecha_pro`, `fecha_estreno`, `id_serie`) VALUES
(12, '2015-02-02', '2016-02-07', 78),
(13, '2015-02-02', '2016-02-07', 78);

-- --------------------------------------------------------

--
-- Estructura de tabla para la tabla `user`
--

CREATE TABLE `user` (
  `id_usuario` int(14) NOT NULL,
  `nombre` varchar(20) NOT NULL,
  `apellido` varchar(20) NOT NULL,
  `correo` varchar(30) NOT NULL,
  `fecha_nac` date NOT NULL,
  `contraseña` varchar(10) NOT NULL
) ENGINE=InnoDB DEFAULT CHARSET=latin1;

--
-- Volcado de datos para la tabla `user`
--

INSERT INTO `user` (`id_usuario`, `nombre`, `apellido`, `correo`, `fecha_nac`, `contraseña`) VALUES
(123, 'admi', 'admi', 'admi', '2019-11-21', '789'),
(753, 'Lina', 'vera', 'ñp', '2015-04-04', 'ñp'),
(10100, 'Lina', 'Vera', 'lina@gmail.com', '2000-12-01', 'lina');

--
-- Índices para tablas volcadas
--

--
-- Indices de la tabla `actor`
--
ALTER TABLE `actor`
  ADD PRIMARY KEY (`id_actor`);

--
-- Indices de la tabla `calificacion`
--
ALTER TABLE `calificacion`
  ADD KEY `calUser_fk` (`id_usuario`),
  ADD KEY `calSerie_fk` (`id_serie`);

--
-- Indices de la tabla `capitulo`
--
ALTER TABLE `capitulo`
  ADD PRIMARY KEY (`id_capitulo`),
  ADD KEY `id_temporada` (`id_temporada`),
  ADD KEY `subCap_fk` (`id_sub`);

--
-- Indices de la tabla `critica`
--
ALTER TABLE `critica`
  ADD PRIMARY KEY (`id_critica`),
  ADD KEY `criUser_fk` (`id_usuario`);

--
-- Indices de la tabla `favorito`
--
ALTER TABLE `favorito`
  ADD KEY `favUser_fk` (`id_usuario`),
  ADD KEY `favSerie_fk` (`id_serie`);

--
-- Indices de la tabla `genero`
--
ALTER TABLE `genero`
  ADD PRIMARY KEY (`id_genero`);

--
-- Indices de la tabla `personaje`
--
ALTER TABLE `personaje`
  ADD PRIMARY KEY (`id_personaje`),
  ADD KEY `perActor_fk` (`id_actor`),
  ADD KEY `perCap_fk` (`id_capitulo`);

--
-- Indices de la tabla `serie`
--
ALTER TABLE `serie`
  ADD PRIMARY KEY (`id_serie`),
  ADD KEY `serGene_fk` (`id_genero`);

--
-- Indices de la tabla `subtitulo`
--
ALTER TABLE `subtitulo`
  ADD PRIMARY KEY (`id_subtitulo`);

--
-- Indices de la tabla `temporada`
--
ALTER TABLE `temporada`
  ADD PRIMARY KEY (`id_temporada`),
  ADD KEY `SERIE` (`id_serie`);

--
-- Indices de la tabla `user`
--
ALTER TABLE `user`
  ADD PRIMARY KEY (`id_usuario`);

--
-- Restricciones para tablas volcadas
--

--
-- Filtros para la tabla `calificacion`
--
ALTER TABLE `calificacion`
  ADD CONSTRAINT `calSerie_fk` FOREIGN KEY (`id_serie`) REFERENCES `serie` (`id_serie`),
  ADD CONSTRAINT `calUser_fk` FOREIGN KEY (`id_usuario`) REFERENCES `user` (`id_usuario`);

--
-- Filtros para la tabla `capitulo`
--
ALTER TABLE `capitulo`
  ADD CONSTRAINT `capitulo_ibfk_2` FOREIGN KEY (`id_temporada`) REFERENCES `temporada` (`id_temporada`),
  ADD CONSTRAINT `subCap_fk` FOREIGN KEY (`id_sub`) REFERENCES `subtitulo` (`id_subtitulo`);

--
-- Filtros para la tabla `critica`
--
ALTER TABLE `critica`
  ADD CONSTRAINT `criUser_fk` FOREIGN KEY (`id_usuario`) REFERENCES `user` (`id_usuario`);

--
-- Filtros para la tabla `favorito`
--
ALTER TABLE `favorito`
  ADD CONSTRAINT `favSerie_fk` FOREIGN KEY (`id_serie`) REFERENCES `serie` (`id_serie`),
  ADD CONSTRAINT `favUser_fk` FOREIGN KEY (`id_usuario`) REFERENCES `user` (`id_usuario`);

--
-- Filtros para la tabla `personaje`
--
ALTER TABLE `personaje`
  ADD CONSTRAINT `fk_actorper` FOREIGN KEY (`id_actor`) REFERENCES `actor` (`id_actor`),
  ADD CONSTRAINT `fk_capituloper` FOREIGN KEY (`id_capitulo`) REFERENCES `capitulo` (`id_capitulo`),
  ADD CONSTRAINT `perActor_fk` FOREIGN KEY (`id_actor`) REFERENCES `actor` (`id_actor`),
  ADD CONSTRAINT `perCap_fk` FOREIGN KEY (`id_capitulo`) REFERENCES `capitulo` (`id_capitulo`);

--
-- Filtros para la tabla `serie`
--
ALTER TABLE `serie`
  ADD CONSTRAINT `fk_genero` FOREIGN KEY (`id_genero`) REFERENCES `genero` (`id_genero`),
  ADD CONSTRAINT `serGene_fk` FOREIGN KEY (`id_genero`) REFERENCES `genero` (`id_genero`);

--
-- Filtros para la tabla `temporada`
--
ALTER TABLE `temporada`
  ADD CONSTRAINT `fk_serietem` FOREIGN KEY (`id_serie`) REFERENCES `serie` (`id_serie`);
COMMIT;

/*!40101 SET CHARACTER_SET_CLIENT=@OLD_CHARACTER_SET_CLIENT */;
/*!40101 SET CHARACTER_SET_RESULTS=@OLD_CHARACTER_SET_RESULTS */;
/*!40101 SET COLLATION_CONNECTION=@OLD_COLLATION_CONNECTION */;
